cleaned_review,rating,sentiment
attention smart mais pas android,4.0,positive
excellent qualite prix,5.0,positive
mzyanz,5.0,positive
koooooooooooooo,1.0,negative
ma 3jebatnich,1.0,negative
il est le milleur,4.0,positive
options top,5.0,positive
bSrH@ tlfz@ w`r@ Swt wSwr@ mqrn@ lmrkt l'khr~ shkra jwmy,5.0,positive
ca marche,4.0,positive
bon tv,5.0,positive
pas mal,3.0,positive
tlfz khll,1.0,negative
tv 32 buy sat,4.0,positive
la qualite est excellente,4.0,positive
sora mcha allah,5.0,positive
10005,5.0,positive
super,5.0,positive
working perfectly fine ghir howa khfif bzaf,5.0,positive
bon article,5.0,positive
super,4.0,positive
zwina bzf,5.0,positive
ry'` jd,5.0,positive
biennnnn,4.0,positive
jhz b's,3.0,positive
mabihch matikhdamch netflex,4.0,positive
jaime merci,4.0,positive
la lumiere led est belle,5.0,positive
je recommande,5.0,positive
top top,5.0,positive
fonctionnement super,5.0,positive
super tele,5.0,positive
ahsan tele,5.0,positive
clairr image mais pas grand angle,5.0,positive
yes satisfait du produit,5.0,positive
meilleur camera de surveillance,5.0,positive
mantouj ra2i3,5.0,positive
jwd@ sy jd,1.0,negative
satisfait,5.0,positive
kbiiir la 3ala9a mea lphoto,2.0,negative
parfait,5.0,positive
satisfait,5.0,positive
tooop,5.0,positive
magnifique image et bon son,5.0,positive
bon rapport quality prix,4.0,positive
jaime,5.0,positive
dashcam 3 camera,3.0,positive
parfait,4.0,positive
i liked the ring light thank you jumia,5.0,positive
khdama mlih,5.0,positive
bne qualite,5.0,positive
tv zwina khfifa,4.0,positive
zwina 3jbatni,5.0,positive
satisfait,3.0,positive
yallah bghit ndirha frassi ou hia t9ete3 lia semta mauvaise affaire,2.0,negative
tmm,5.0,positive
gooood,5.0,positive
top produits,5.0,positive
produit nul,1.0,negative
mabihch,5.0,positive
top zwine,5.0,positive
t9dilke l4arade walakine frajile o9sir chi 7aja mat3awlchi bzaf walakine katb9a mzn 7itach r5issa,4.0,positive
ma s7i7ch bzaf walakin 9adi gharad,3.0,positive
great,5.0,positive
pas mal,4.0,positive
lbs,2.0,negative
faible son,1.0,negative
pratique,5.0,positive
merci de votre collaboration tres cordialement fouad chadli,5.0,positive
efficace,5.0,positive
produit mezyan bhal li f la photo kaliter mezyana t9edr tza3m,5.0,positive
qualite,5.0,positive
jyd jyd,5.0,positive
recommande,5.0,positive
shkr jwmy khdm@ ltwSyl mmtz@ lmntwjt jwd@ `ly@,5.0,positive
mshy shy Hjh,3.0,positive
assez pratique,4.0,positive
wa zbi khdma tzb,1.0,negative
nskh@ Tbq lSl,5.0,positive
bien mais fragile,3.0,positive
meilleur,5.0,positive
je le recommande,4.0,positive
pas mal,4.0,positive
produit pas mal pour mes besoin,4.0,positive
produit mal,1.0,negative
3aadi machi top,4.0,positive
nSH,5.0,positive
7sen men flosso,5.0,positive
bien compatible,4.0,positive
dorigine,5.0,positive
j adore li kayn f tswira kayn vrai b stand b kolchi ghir la carte sons li m3ah makhdamach ou khadk darori carte sons 48v bach ikhdm lmic b qualite zwina,5.0,positive
kollchi kima f la photo 4i la carte son s4ira usb fiha sda3 bzzzf 4atkhass had mic carte son scarlett ola khedmo nichan m3a pc kaykhedam chokran la livraison f lwa9et,4.0,positive
tres fragile,2.0,negative
nh ry'`,5.0,positive
bienbien,4.0,positive
facile a programmer,5.0,positive
machi nafs la3bar 15m15m liwsalni,2.0,negative
livraison rapide,5.0,positive
bon service,5.0,positive
bon,5.0,positive
bdwn t`lyq,5.0,positive
excellent,5.0,positive
bon article,5.0,positive
zwina,5.0,positive
parfait,5.0,positive
il est bien,5.0,positive
libgha yakhdo rah sghir osal7 ghir l7wayj sghar,5.0,positive
top produit,5.0,positive
top top,5.0,positive
ok ok,3.0,positive
a part ca okay,4.0,positive
marche tres bien,5.0,positive
super,5.0,positive
ok,5.0,positive
jyd,4.0,positive
top,5.0,positive
ne plus le commercialiser,1.0,negative
bourrage frequent,3.0,positive
la livraison kant f short time quality tahya mzyana i love it,5.0,positive
je recommande,5.0,positive
il est bien jaime,5.0,positive
mezyan,3.0,positive
tatssahal alik lakhadma,4.0,positive
rien,5.0,positive
je le recommande,5.0,positive
product tres bonne,4.0,positive
5 etoiles,5.0,positive
merci jumia,5.0,positive
le tactile fonctionne pas,1.0,negative
pas mal,5.0,positive
bad gamme,1.0,negative
pas mal,3.0,positive
laudio est bas,3.0,positive
jaime,5.0,positive
jadooore,5.0,positive
jadore,5.0,positive
triped qualite na9sa,1.0,negative
nqS ltmn,4.0,positive
mziwna dit 2 la 2eme ring light mafihaxi ga3 accesoire dyal tilifon,5.0,positive
jwd@ rdhyy'@,1.0,negative
pratique,3.0,positive
its not from neewer but its good,5.0,positive
mqbwl,3.0,positive
it does its work mzian,5.0,positive
thanks,5.0,positive
produit mezyan fih ghir laffichage lmouchkil lwa7id ila b33tti tilifoun makaykhdmch mezyan0 kaykoun sawt m decaler si non ila kan telephone 9rib l tlfaza kaykhdm mezyan,3.0,positive
nw` mqbwl,3.0,positive
nule ne marche pas,1.0,negative
satisfait,5.0,positive
le micro est excellent qualite magnifique,5.0,positive
pas mal,3.0,positive
pas mal mais fragile,3.0,positive
zwin wkhdam mzyan je recommande,5.0,positive
`mly jyd,5.0,positive
satisfait,5.0,positive
b's,3.0,positive
khdam mz1,5.0,positive
quality xwiya 3ayana walakin 3la hsab taman howa hadak li khayb fihom howa l3adasat les lentille lenses m3adlin m plastique kayn li kijibo dawkha,3.0,positive
pas mal,2.0,negative
walo la 3ala9a akhir commande andiro 3ndkom,5.0,positive
bon article,4.0,positive
fixation facile,5.0,positive
qualite mzyana,4.0,positive
mzyana w khdama parfaitement,5.0,positive
tres bien,5.0,positive
je recommande,3.0,positive
fragile,1.0,negative
,4.0,positive
nqS lwlb,3.0,positive
nulll,1.0,negative
produit zwin o nadii canadii,5.0,positive
jyd jyd,4.0,positive
telecommande khdama mzyan 1010,5.0,positive
mantouje zwin bzf obhal photo ms makinsh cable dalimentation o telecommandmerci jumia,5.0,positive
rapport qualite prix,5.0,positive
nSH,5.0,positive
nadi canadi,5.0,positive
as described,5.0,positive
ry'` jd,5.0,positive
recommande,4.0,positive
bzzz bzzz,1.0,negative
ry'` jd,5.0,positive
thank you,5.0,positive
super marche bien,5.0,positive
conforme,5.0,positive
qualite bon,5.0,positive
tres fragile,1.0,negative
good produit,5.0,positive
amusant,5.0,positive
bon produit,5.0,positive
,5.0,positive
bien,5.0,positive
camera zweena bzzzf,5.0,positive
jyd yshtGl,4.0,positive
conforme,4.0,positive
mntwj Sly mqld,1.0,negative
lmic ja bla pop filter o bla carte son,2.0,negative
excellent produit,5.0,positive
nuullll,1.0,negative
bs,5.0,positive
merci jumia,5.0,positive
je doute que le produit dure longtemps,4.0,positive
jaime,5.0,positive
top merci jumia,5.0,positive
tres bon,5.0,positive
ly'q jd,5.0,positive
bonne affaire bonne affaire,5.0,positive
movaise qualite,1.0,negative
jyd jyd,5.0,positive
soft box 9adi lik gharad mzn ila knty yalah badi,4.0,positive
fonctionne tres bien comme l original,5.0,positive
Twb shkr,5.0,positive
arnaque,1.0,negative
bon cable hdmi,3.0,positive
mqbwl nsby,3.0,positive
hade article madowzatche 3adi 1semaine khassrate liya,1.0,negative
,5.0,positive
je le recommande,5.0,positive
pratique,3.0,positive
zwena,4.0,positive
bon qualite 3jbtni ou 3amaliya kat9rab mzyan,5.0,positive
b affaire,4.0,positive
mzn gha khodouh,5.0,positive
lbs,3.0,positive
je suis content merci,5.0,positive
ly'q,1.0,negative
super et efficace,5.0,positive
bien,4.0,positive
super efficace,5.0,positive
pratique pratique,3.0,positive
pas male,3.0,positive
comme decrit,5.0,positive
yrsl shr@ bTyy'@,1.0,negative
produit inutilisable,1.0,negative
bon produit,4.0,positive
ce hautparleur na pas dure un an,2.0,negative
katakol l7jar,4.0,positive
cest nimporte quoi,1.0,negative
joli,5.0,positive
jaime,5.0,positive
mal,1.0,negative
merci jumia,5.0,positive
sara7a sde9 zwin u fih dwaw u 7ta sot mzyan,5.0,positive
qualite dyalo zwiina othna mn sda,5.0,positive
qualite moqarana b prix waa3ra bjeehd o li bgha ibda hadi tnef3oo bzaaf,5.0,positive
sy jd,1.0,negative
produit fragile,1.0,negative
kolxi fih zwin katxarja mais malheureusement lcable dyl xarj naaaadir fin tl9ah 3la l3omom raha nadiyaa,4.0,positive
magnifique,5.0,positive
55,5.0,positive
fonctionne parfaitement,5.0,positive
bonne qualite,5.0,positive
produit null,1.0,negative
je deteste,1.0,negative
legeren marche,4.0,positive
fonctions tres bien,5.0,positive
pas mal,5.0,positive
610lb's qDy lGrD,4.0,positive
pas mal par rapport au prix,4.0,positive
le bouton power ne marche pas,3.0,positive
livraison rapide commande extra,5.0,positive
dysk mwjwd,1.0,negative
bien,4.0,positive
efficace,4.0,positive
bon radio,5.0,positive
zwiiiine,5.0,positive
tres utile,5.0,positive
parfait,5.0,positive
facile a monter,5.0,positive
je recommande,5.0,positive
parfait,5.0,positive
excellent article je recommande,5.0,positive
belle qualite et finition,5.0,positive
pratique,5.0,positive
excellent produit,5.0,positive
ok,4.0,positive
fragile bzaaf,1.0,negative
ne fonctionne pas,1.0,negative
merciiii amazona,5.0,positive
lb's,5.0,positive
a bon prix,5.0,positive
excellent produit,5.0,positive
mziana,4.0,positive
je recomande,5.0,positive
bon rapport qualite prix,4.0,positive
naaaaaaaaaaaaadya kat7en mzn o mafihach sda3 bzf,5.0,positive
efficace,5.0,positive
mlih nSHkm,5.0,positive
jerbt nt7an fiha les fruits secs khalathom lia kifma homa,3.0,positive
excellent produit,4.0,positive
ry'`,5.0,positive
je detest fiha 450g o odrya tat9ata3 mika dylha nulll sara7a,1.0,negative
merci bcp,5.0,positive
diro liha gir 10dh,5.0,positive
mauvaise,1.0,negative
facile et efficace,5.0,positive
satisfait,5.0,positive
,3.0,positive
jl,5.0,positive
myzn nDy,5.0,positive
top,5.0,positive
bon instrument,4.0,positive
pratique,5.0,positive
taman zwin,5.0,positive
SGr bzf,2.0,negative
joli detail,5.0,positive
je recommande,5.0,positive
saraha mzyana 9adya gharad bon rapport qualite prix,4.0,positive
masal7ach lqhwa noir qas7a muhim pas mal qadia gharad katkharaj ligi,3.0,positive
il est parfait,5.0,positive
bon choix,5.0,positive
assez bon,3.0,positive
waara a ce prix,5.0,positive
original official walkin made china machi france ms original,5.0,positive
il fonctionne bien,4.0,positive
jmyl jd jd jd,4.0,positive
bonne qualite,5.0,positive
kaykhaliw air fryer nkiya rir homa seriwrin bezaf,4.0,positive
tooop,5.0,positive
zwina,5.0,positive
la taille medium,3.0,positive
made in espane,5.0,positive
petit mais efficace,5.0,positive
zwin fih merwaha kayjbed dak l7bibat dyal sofa wkayzewlhoum,5.0,positive
cest vraiment efficace,4.0,positive
nadi,5.0,positive
tres efficace,5.0,positive
khdm mzyn,5.0,positive
produit nul,5.0,positive
pratiqueefficace,4.0,positive
null pffffff,1.0,negative
mzyn wthmn mnsb,4.0,positive
zwiiiin,5.0,positive
pas mal,3.0,positive
mzyanaa,5.0,positive
la qualite de proudectoin pas bien 100,3.0,positive
tres bonne lampe,5.0,positive
magnifique,5.0,positive
pas mal,5.0,positive
satisfait,4.0,positive
zwiiinin,5.0,positive
top,5.0,positive
wznh khfyf,2.0,negative
jhz `mly,4.0,positive
magnifique,5.0,positive
mnsb ljmy` 'shy,5.0,positive
je le recommande,5.0,positive
je recommande,5.0,positive
pratique,5.0,positive
bien,4.0,positive
il colle sans beurre et farine,3.0,positive
bsr`@ tzwl Tbq@ lTl ySbH bl fy'd@,1.0,negative
3 foi 1,5.0,positive
pas mal,3.0,positive
pas top,1.0,negative
la marque tatch top,5.0,positive
pratique,5.0,positive
chaude,5.0,positive
bien pratique,4.0,positive
assez bon,3.0,positive
bien,4.0,positive
`jbny,5.0,positive
thwb rTb n`m,4.0,positive
ecran non claire sel3a dial serdin,1.0,negative
bien,5.0,positive
ca marche moyen qualite,3.0,positive
produit conforme,5.0,positive
merci cest bon,5.0,positive
ok,5.0,positive
nice de,5.0,positive
5dam a marche ra howa lhjer makichadx mzyan kib9a ytfa oych3l,4.0,positive
pas mal,2.0,negative
bonne qualite,5.0,positive
il est petit,3.0,positive
commande satisfaisante,5.0,positive
quality,5.0,positive
produit performant,5.0,positive
as description,5.0,positive
9adiya lgharad khfifa bzf kadr plastique,5.0,positive
fonctionne parfaitement,5.0,positive
parfait,1.0,negative
ry'`,5.0,positive
i am a lady who can do it for her self,5.0,positive
efficace usb et type c,4.0,positive
bon produit et tres facile a etuliser,4.0,positive
je recommande,4.0,positive
mntwj yfy blGrD,4.0,positive
top,5.0,positive
zwyn `dy,3.0,positive
bonnnjjhf,5.0,positive
produit conforme,5.0,positive
nulll,1.0,negative
ana khdit falawal wahda sad9at wa3ra katb9a chada skhoniya ktar man 15h o3awt khdit 2 vraiment toppppp,5.0,positive
Sd,1.0,negative
interessant,5.0,positive
jyd,4.0,positive
,5.0,positive
parfait,5.0,positive
rapport qualiteprix bieen,4.0,positive
kadi lrarad,5.0,positive
perfect,5.0,positive
merci jumia,5.0,positive
je recommande,5.0,positive
meilleur experience,5.0,positive
bzaaaf nadi,5.0,positive
vraiment top,5.0,positive
alarme ne fonctionne pas,2.0,negative
zwina bzaf,4.0,positive
jyd,5.0,positive
c bon,5.0,positive
ry'` jd,5.0,positive
zwyyyyyyyyyyyyyyyyyyyyyyyyyyyyyyyyyyyyyyyyyyyyyyyyyyn@zwina o qualite mrigla ghi fiha chwya d sda3 kon kan tkhdm silence tkon fop,4.0,positive
je recommande,4.0,positive
il est bien,4.0,positive
bon produit et bon prix,4.0,positive
efficace,5.0,positive
zwina bzaf,5.0,positive
i love jumia app,5.0,positive
pas davis,5.0,positive
jaime,5.0,positive
khdm mzyn `jbny,5.0,positive
mini mixeur,5.0,positive
taille,3.0,positive
juste magnifique,5.0,positive
saraha zwin bzf merci jumia,5.0,positive
parfait,4.0,positive
pratique et efficace et econome,5.0,positive
cest bon,5.0,positive
a la regueur,4.0,positive
sa3ib ftrkb qalite 3adia mais bmo9rana m3a taman zawin,3.0,positive
j aime,4.0,positive
dommage,5.0,positive
au top,5.0,positive
ghzalll we khdam mznn,5.0,positive
la qualite de service,5.0,positive
zwin o pratique,5.0,positive
zwiiina et kbiiira,5.0,positive
kayji fl bit fsar,5.0,positive
bien,4.0,positive
usefull,5.0,positive
bon,4.0,positive
fines quand meme,4.0,positive
j aiiiiime,5.0,positive
ne colle pas,5.0,positive
pas mal,3.0,positive
je recommande,5.0,positive
magnifique,5.0,positive
bien,4.0,positive
jyd jyd,3.0,positive
qDy GrD,4.0,positive
magnifique,5.0,positive
parfait,5.0,positive
jyd,5.0,positive
,5.0,positive
mzyane,2.0,negative
deconseiller cafe frois ghiii hataha je n aime pas,1.0,negative
jadore cette machine,5.0,positive
facilement deformable,2.0,negative
zwina mais man a7san dik li rejal dyalha en inox machi en plastique,5.0,positive
je recommande,5.0,positive
good,4.0,positive
top top top,5.0,positive
je recommande,5.0,positive
top,4.0,positive
efficace,4.0,positive
pas grand chose,3.0,positive
je recommande,5.0,positive
top,4.0,positive
efficace,4.0,positive
pas grand chose,3.0,positive
je recommande,5.0,positive
vide,1.0,negative
bien,5.0,positive
excellent produit,5.0,positive
bon article,5.0,positive
zwina bzaaaaf 3jbatni ma kathar9ch kansahkom biha haja whda hya rah sghira ghir dyal 2 nas,5.0,positive
zwina merci,5.0,positive
bon rapport qp,4.0,positive
jrbh Hbbth,5.0,positive
lbs,3.0,positive
ras,3.0,positive
pas mal,4.0,positive
bonne experience,5.0,positive
bien,3.0,positive
wa3er,5.0,positive
je la recommande,5.0,positive
a recommander,5.0,positive
jaime,3.0,positive
krTwn mzyn,3.0,positive
7chuma asahbi les sizes machu huma haduk sghar bzzf makhadma mawalo,1.0,negative
krTwn b's,3.0,positive
superrtrrrr,5.0,positive
'nSHkm sy,1.0,negative
tres joli,5.0,positive
tres joli,5.0,positive
bien mais la colle ko,3.0,positive
,5.0,positive
mmtz wdqyq jd',5.0,positive
mkdamx,1.0,negative
ta bnsba tosyl 3ali jidan,5.0,positive
labghiti tze3ze3 chiwahd hhhhhhh,5.0,positive
y`ml,1.0,negative
surchauffe rapidement,3.0,positive
,3.0,positive
mabihch,4.0,positive
9adi lgharad,4.0,positive
nice,5.0,positive
pratique et performant,5.0,positive
khedam mzyan,4.0,positive
prenez vos mesures car il est large,5.0,positive
SGyr lHjm,3.0,positive
tres joli,5.0,positive
tres bon,5.0,positive
elegant et efficace,5.0,positive
super produit,3.0,positive
myskhn bzf top,5.0,positive
xi haja mli7a,5.0,positive
bon valeurprix ratio,5.0,positive
tres bon je recammande,5.0,positive
lbs,4.0,positive
zwinia,5.0,positive
`mly wshl,4.0,positive
zwinnnn o kayskhen deghya design tres chic,5.0,positive
pas encor essaie,3.0,positive
mmtz,4.0,positive
merci,4.0,positive
zwina kathan mazyan,4.0,positive
top,5.0,positive
zwina kathan mazyan,4.0,positive
top,5.0,positive
pas mal,4.0,positive
excellent produit jaime bien,5.0,positive
mazyana,5.0,positive
super pratique,5.0,positive
pratique,4.0,positive
,5.0,positive
mzyan f saraha sahle ftrkab w kaylsa9 mzyan w wlaah mabayna fih wach papier 3ndo effet 3d merci vendeur,4.0,positive
zouina,5.0,positive
produit moyen,3.0,positive
ordinaire,5.0,positive
produits zwine,5.0,positive
ry'`@,5.0,positive
magnifique,5.0,positive
naqssin,3.0,positive
je recommande,5.0,positive
pratique,4.0,positive
bien 55,4.0,positive
je le recommande,5.0,positive
article exellent,5.0,positive
je recommande,5.0,positive
a c bien,4.0,positive
merci jumia,5.0,positive
best,5.0,positive
pratique,3.0,positive
bien,3.0,positive
bTyy' nw`,4.0,positive
pas mal,3.0,positive
pas mal pour le prix,3.0,positive
lbs,3.0,positive
ry'`yn jd,1.0,negative
bien dicoratif,5.0,positive
lsak khayeb ms homa mziwenin,2.0,negative
shkl ry'`,5.0,positive
i looooove it,5.0,positive
ry'` jd 'nSH,5.0,positive
jaime bcp,4.0,positive
descriptif correct,4.0,positive
mabihach,4.0,positive
rai3a akhedit joj,5.0,positive
mqbwl,3.0,positive
lSwr@,5.0,positive
,5.0,positive
pratique,5.0,positive
top makayn,5.0,positive
shkr jwmy,4.0,positive
fais laffaire,4.0,positive
magnifique,5.0,positive
facile a utilisez,5.0,positive
pas mal,3.0,positive
ok c bien,4.0,positive
satisfaite,5.0,positive
la forme est magnifique,5.0,positive
zwiiiin bzaaaaf,5.0,positive
je ne recommande pas,1.0,negative
zwin sans commentaire,5.0,positive
merciii,5.0,positive
jai adore,5.0,positive
tres puissante mais top,5.0,positive
zwin pratice bzf wlk mthkmtch fih mzian f lkhdma plastique hsn wlk mzian,4.0,positive
tres bn qualite,5.0,positive
photo reel,3.0,positive
satisfaite,5.0,positive
parfait,5.0,positive
cava cava mabihomch,3.0,positive
ce produit est magnifique,5.0,positive
mni kancha3lo chicha m3 had led t9ol galsin flayali,5.0,positive
ca marche bein et bon eclairage,4.0,positive
top merci jumia,4.0,positive
parfait,5.0,positive
mazyana,4.0,positive
top efficace,5.0,positive
khdam mziaaaan,5.0,positive
top,4.0,positive
top,4.0,positive
petrin 3iyana o mauvais service client jumia,1.0,negative
bon machine,5.0,positive
`jn@ qwy@ `mly@ nSH mrk@ bwmn lSly@ w` l`jn kbyyyr jd wk lmlHqt `jn@ `y'ly@ wkbyyyyr@,5.0,positive
produit pratique,4.0,positive
genial et efficace,5.0,positive
mntwj jyd blmqrn@ thmnh qDy GrD blnsb@ llmlbs lywmy@,5.0,positive
je recommande,5.0,positive
mzyan 3jebni,4.0,positive
klshy khdm nykl,5.0,positive
zouin 3mli,5.0,positive
pas bon,2.0,negative
top 100,5.0,positive
pas mal,3.0,positive
shl@ lstkhdm w`mly@,5.0,positive
top,5.0,positive
saraha ma3jbatnich,5.0,positive
merci merci merci i,3.0,positive
nice hhh,4.0,positive
j aime bien ce produit,5.0,positive
parfait,5.0,positive
mntj lb's,3.0,positive
cest parfait,5.0,positive
comnd bein,4.0,positive
produit moyen,2.0,negative
mntwj mmyz lHd,5.0,positive
je recommande,4.0,positive
khdm jyd,5.0,positive
jaime,5.0,positive
tooop j aime,5.0,positive
balance efficace,5.0,positive
teste jaime il est pas mal,4.0,positive
pratique,5.0,positive
jaime,4.0,positive
pratique,5.0,positive
zwina ms khes chi mode demploi,5.0,positive
the price,5.0,positive
zwin sara7a daghya kaysakhan lma walakin kayrbi lkalkir o hadi 7aja 3adiya,4.0,positive
fih sda3,1.0,negative
le bon prix et le service,5.0,positive
je recommande,5.0,positive
,5.0,positive
utile en cuisine,5.0,positive
the best,5.0,positive
3jbni bzaaf l qualite zwina,5.0,positive
zween,5.0,positive
mfyd jw rwmnsy,5.0,positive
parfait,5.0,positive
mazyan,5.0,positive
zwin bzzzzzzf,5.0,positive
joli merci,5.0,positive
tres fin,3.0,positive
parfait,4.0,positive
parfait,5.0,positive
bonne machine,4.0,positive
je recommande,5.0,positive
tres bon rapport qualiteprix,5.0,positive
geniaaaal,4.0,positive
jyd,5.0,positive
zwuina,5.0,positive
ltmn jd mnsb wlkhdm@ mmtz@,5.0,positive
zwina bzaf,5.0,positive
saraha zwena albnat ana rah khdit mnha 2,5.0,positive
il fonctionne bien,4.0,positive
excellent achat merci jumia,5.0,positive
,5.0,positive
merci bcp,5.0,positive
transparent,1.0,negative
conforme,5.0,positive
`mly jd,5.0,positive
produit juste,3.0,positive
je recommande,5.0,positive
mzyan kayskhan dghya hir khasni nchof wach makaytsdach m3a lwa9t sinon zwin,5.0,positive
sy jd,1.0,negative
ptite mais mignonne,5.0,positive
pas mal mais fragile,4.0,positive
top produits,5.0,positive
ca brille trop magnifique choix,5.0,positive
super stars,4.0,positive
top top,5.0,positive
b's,3.0,positive
pratique,5.0,positive
solide,5.0,positive
mntj jyd Sly,5.0,positive
parfait,5.0,positive
good,5.0,positive
jaime bcp,5.0,positive
tres beau,5.0,positive
machine de bonne qualite et pratique,5.0,positive
bof,2.0,negative
good,4.0,positive
mabihach bnti li katsta3malhom,4.0,positive
la note et 55,5.0,positive
parfait,5.0,positive
top,5.0,positive
saraha zwina bzzzf mais matbghich t7en fiha chi haja lia hia 9asha bzzf,5.0,positive
la qualite est top merci,5.0,positive
mzyn,4.0,positive
mabihach qadya lgharad,4.0,positive
55,5.0,positive
top merci lexical,5.0,positive
1010,5.0,positive
je recommande,5.0,positive
jyd,5.0,positive
nul nul,1.0,negative
kySdyw,1.0,negative
mauvaise qualite,2.0,negative
conforme,5.0,positive
mezyana ila 7aftti 3liha mais kaytsddaw liha les vis li bgha 7aja mli7a yakhoud inox,2.0,negative
toooop,5.0,positive
bon article,4.0,positive
belle qualite,5.0,positive
`jbny,5.0,positive
excellent produit,5.0,positive
merci jumia,5.0,positive
grande,5.0,positive
conforme a mes atentes,5.0,positive
ry'`,5.0,positive
les tailles dialhom zouinin chkl mzianin makayhrqoch kaytghslo dghiakanshkom bihom wa3rin,5.0,positive
na9ssa chwiy1,3.0,positive
trop beau,5.0,positive
merci,5.0,positive
krTwn mst`ml sy jd,1.0,negative
msift lia carton na9ss 6 carton o qualite 3yana,1.0,negative
merci bcp,5.0,positive
,3.0,positive
toooop,5.0,positive
ne fonctionne pas,1.0,negative
merci,5.0,positive
,1.0,negative
bien,5.0,positive
marche parfaitement,5.0,positive
marche parfaitement,5.0,positive
excellent produit,5.0,positive
incr j adore,5.0,positive
zwina o s7i7a,5.0,positive
i like,5.0,positive
bon rapport qualite,4.0,positive
produit parfait,5.0,positive
,3.0,positive
pratique et discret,5.0,positive
jaime,5.0,positive
ok cest ok,3.0,positive
pratique,5.0,positive
dqyq,1.0,negative
shy mmtz,5.0,positive
khuduhum zwinin,5.0,positive
produit conforme,5.0,positive
je recommande pas,1.0,negative
livraison ok,5.0,positive
zawina sarha,5.0,positive
nice,5.0,positive
qyd ltjrb@,4.0,positive
tooooooppppp,5.0,positive
rapport qualite prix top,5.0,positive
thmn mnsb shkr jymy,5.0,positive
0910 bon,5.0,positive
jyd jd,5.0,positive
jada hada zoui,5.0,positive
jai adore,4.0,positive
magnifique,5.0,positive
toppp,5.0,positive
sara7a zwina,4.0,positive
5 etoiles,5.0,positive
,3.0,positive
zouiiiina,3.0,positive
boite a mouchoirs artisanale en bois,5.0,positive
superr,5.0,positive
jaime,1.0,negative
zwin bzaaf,5.0,positive
bien,5.0,positive
bon produit,5.0,positive
hiya mzyana 9adya gharad ghi mat3wloch 3la chi 7aja s7iiii7a,4.0,positive
bien solide,5.0,positive
meme description,4.0,positive
pas mal,4.0,positive
pratique,5.0,positive
pratique,4.0,positive
pas mal,3.0,positive
bon toner,4.0,positive
je le recommande,5.0,positive
bien,2.0,negative
ca va,5.0,positive
pratique,5.0,positive
bon qlt,5.0,positive
manche en caoutchou,4.0,positive
wa3rin,5.0,positive
bien 33,5.0,positive
Dw,5.0,positive
lmohim hadi tslah li bari rir xi souri gamer idwz biha lwa9t 3la l3oumoum souris nadya,5.0,positive
good one,5.0,positive
marche tres bien,5.0,positive
nadi bzaffff,5.0,positive
zwina bsinba ltaman,3.0,positive
rapide mais facile a casser,5.0,positive
,4.0,positive
sghira chwiya 3la pc portable 15 pouces,4.0,positive
mo9rana m3a taman dayz,5.0,positive
sourie nadia clavier na9ss,2.0,negative
nadi ns7k ta5do kaliti mzyana ml5r top ta3 top,4.0,positive
parfait,5.0,positive
,5.0,positive
'nSH,5.0,positive
3i moxkila whda maymkenxi t thakem f rgb,5.0,positive
nadya binesba ltaman dyalha,5.0,positive
noice,4.0,positive
saraha khedama mzyam,5.0,positive
swry qDy GrD,5.0,positive
produit conforme,5.0,positive
nasse li 3andha des documents sensibles wla des photos sensibles blama yfkro y uploadihom sur internet khod had disque dur externe 30 sri3 kay3tik 100mbs fal vitesse o 500go kafya bach tkhabi fiha dakchi sensible dyalak o khali ssd dyal pc mrta7,5.0,positive
hta 3mrto b les donnes dyawli o khssar tblocka et mab9ash kaydetecta f pc mn b3d 2 j bash khdito d3itkom allah,1.0,negative
msh shy Hj,3.0,positive
sourie khfifa o lrgb li fiha zwin,5.0,positive
wa3ra bzaf chkal li fiha nadi o o hta laser li fiha zwin makib9ach itglitcha kanshak tchriha,4.0,positive
lcommande wsaltni mzayn ou souris hiyahadik ou m3aha jouj bakiat dial lml7a,5.0,positive
merci joumia,5.0,positive
superbe souris,5.0,positive
nadia bjhd,5.0,positive
bon produit,5.0,positive
je le recommande,4.0,positive
ja dor,5.0,positive
moyenne qualite et tqila shwiya wshadda frassha zwina gha l kaykhdmo b pc 3adi mashi lgamers,4.0,positive
mntj b's,3.0,positive
bonne qualite 1010,5.0,positive
mo9arana m3a taman nadiya,4.0,positive
merci jen suis contente,5.0,positive
mzyan f sot,5.0,positive
drari had lmontaj zwin nshkom fih sot zwin w msmo3 chokran jumai 3la lmontaj,5.0,positive
un peu flexible mais fait le job,4.0,positive
jaime,4.0,positive
mai homa katbin 900 3la 300 w hiya katji 3i 800,5.0,positive
mzyana 80cm30cm,4.0,positive
kaystahal prix dyalo,4.0,positive
parfait,5.0,positive
nadi,5.0,positive
manssh beh for fps games hit maghatfr9sh ben limn wlisr,1.0,negative
mmtzh,5.0,positive
bien,4.0,positive
toop bnsba l taman zwin sot mssafi,5.0,positive
clavier zwin,4.0,positive
je ne recommnde pas,1.0,negative
clavier top sara7a o khfif,5.0,positive
bon article,4.0,positive
tres satisfait du produit,5.0,positive
mabihch,4.0,positive
saraha qualite tres bonne kont kntw93 xihaja na9ssa ms mnli 7alita tsdmt mn qualite dyala mhm bnissba l service htahowa zwin livraison mat3tltx bsaf ou livreur drafat ou lmo3amala mhm tbrklh 3likom,5.0,positive
Hsn jd tmn mnsb,5.0,positive
zawina bazef lah yaatikom saha,5.0,positive
sot n9i lmic li xwia na9s,4.0,positive
casque nadi zwin i sot n9i o mzn o mic ta3o n9i o masmo3 kansah bih adrare merci jumia,5.0,positive
wallah ta nadi,5.0,positive
wa5a l9ito brown switch mss rah zwine wlkin mam3ahch stickers,4.0,positive
`mlb@ wmfyd@ wtshl lHfD,5.0,positive
jmyyyyyyl,5.0,positive
magnifique clavier 55,5.0,positive
tres bon clavier compare a son prix,5.0,positive
wllh fDl kybwrd bhd ltmn nSHkm,5.0,positive
bon clavier,5.0,positive
service nadi,5.0,positive
service nadi,5.0,positive
merci jumia,5.0,positive
ne glisse pas,4.0,positive
chwia r9i9a,4.0,positive
zwina katslah rir xi anwa3 dyal souris maxi kolhomm,3.0,positive
tfy blfrD,5.0,positive
vide,1.0,negative
bien,5.0,positive
excellent produit,5.0,positive
vraiment cest super,5.0,positive
professionnel,5.0,positive
rah mafihax monitor mode wmostahil t5dmo,1.0,negative
mabihax katxad bhal wifi adapter dyal 40dh gi kaliti dyalha we dikor lzwin,5.0,positive
ca marche wakha t3etelto 3lina chouiya machi mouchkil,3.0,positive
goodz,5.0,positive
la carte reseau hiya hadik khddama mzyana,4.0,positive
cest top,5.0,positive
bae okkkkkkkkkkkkkkkk,4.0,positive
niceeeeee,5.0,positive
jyd mmtz,5.0,positive
authentique,4.0,positive
merciii,5.0,positive
clavi nadya bjhd,5.0,positive
super,5.0,positive
je recommande,4.0,positive
excellent produit,5.0,positive
mezian mais msawb mn plastic machi 7did li bghah 7did y9lb 3la 7aja okhra ms capacity o la marque hiya hiya,4.0,positive
khdama mzyan ms ktl3 liha 7arara mara mara,5.0,positive
gg,5.0,positive
mabihch,3.0,positive
casque zwin o 3jbni sot n9i o mzn o mic ta3o n9i o masmo3 mzn li b9a kasque r5os o mlih ri ixri hada saraha,5.0,positive
wach mic kaykon hakak ola kaykhrj 7it mab4ach ikhrj liya,5.0,positive
jaime,5.0,positive
dayz,5.0,positive
souris mzwra,1.0,negative
produit saraha nadi botonat nadiyin w fih dwaw bhela f chi boite de nuit b rojola li sybo matloub 7ay aw mayit,5.0,positive
merci i,5.0,positive
prix correct,5.0,positive
kiched la charge,5.0,positive
zwin bzaaaaaf,5.0,positive
zwiiiin,5.0,positive
nulle,1.0,negative
prix correct,5.0,positive
je recommande,4.0,positive
mmtz,5.0,positive
Hsn jd,5.0,positive
b's,3.0,positive
jyd jyd,5.0,positive
gooood,4.0,positive
good,4.0,positive
b's,3.0,positive
jyd jyd,5.0,positive
gooood,4.0,positive
good,4.0,positive
ila be3edt eliha shwia makatb9ach tcapter mzyan wfiha lumiere zer9a kaderangi f dlam sinon produit mzyan par rapport au prix,4.0,positive
makaykhdmch dima khsk tb9a dekhlo et tkhrrjo bach 3llah ikhdem,2.0,negative
nadya 100,3.0,positive
pratique,5.0,positive
jadore,5.0,positive
superbe,5.0,positive
trop belle,5.0,positive
mon fils adore,5.0,positive
qualite bon et grande tille,5.0,positive
as described good,5.0,positive
Hsn jwd@,2.0,negative
vraiment cest top,5.0,positive
khdm@ nqy@ wSl mGlf mzyn jwd@ mmtz@ lshHn sry` Htrfy ry'` jd,5.0,positive
wa3ra kansa7 bhad tbila,5.0,positive
pas mal,4.0,positive
mouse mzyana wlkin lkabli dyalha 5yb w9sir,3.0,positive
kolchi,5.0,positive
tro bi1,5.0,positive
machi kima bane liya f tsawere khososan clavier,1.0,negative
parfait,1.0,negative
mtmsh,1.0,negative
pas mal,5.0,positive
bon etat merci,5.0,positive
qualite mzyana diyal clavie ou hta souris,4.0,positive
ca va,5.0,positive
jaime,5.0,positive
ry'` tstHq,4.0,positive
je recommande,5.0,positive
excellent produit,5.0,positive
dkchi nadi,5.0,positive
dkchi nadi,5.0,positive
ram,5.0,positive
nice gadget,4.0,positive
pas stable kaydeconnrecta dema,1.0,negative
khdam mazyane mal9it ta mouchkile khdmt bih lclavier ou la souris ole casque,5.0,positive
super produit,5.0,positive
ne sert a rien,1.0,negative
ne connecte pas le hdmi,1.0,negative
ok pour le produit,5.0,positive
pas mal,4.0,positive
magnifique,5.0,positive
magnifique,5.0,positive
1,5.0,positive
pratique,5.0,positive
jaime,3.0,positive
produit parfait,4.0,positive
y,4.0,positive
toop bnsba l taman zwin sot mssafi,5.0,positive
zwiiina,3.0,positive
bien,3.0,positive
fih sot nadi w microphone nadi,5.0,positive
casque zwin merci jumia,4.0,positive
je recommande,5.0,positive
bien,3.0,positive
anaha nadia,5.0,positive
okeyok,3.0,positive
khadamin mzn merci,5.0,positive
conforme,5.0,positive
khedam,5.0,positive
bon article merci,5.0,positive
long et bon,5.0,positive
parfait,5.0,positive
bon toner,4.0,positive
bnsba l qualite priix rah mzyan dyal bsseh,5.0,positive
sot dialo hrban o quality dial l mic nadia,5.0,positive
o houwa kbir xwiya maxi fif tswira,5.0,positive
casque zwin bnisba ltamano gha howa kayskhon lax3alty rgb,5.0,positive
zwin wsafi yah,3.0,positive
khdam nichan f windows 10,5.0,positive
le produit fonctionne tres bien,4.0,positive
top,5.0,positive
thmn mnsb,5.0,positive
merci,5.0,positive
top,5.0,positive
merci jumia,5.0,positive
tres biennnnn,5.0,positive
9adi lgharad,5.0,positive
identique,3.0,positive
usb 2,3.0,positive
pas mal,3.0,positive
mmtz jd,5.0,positive
parfait,5.0,positive
simple et efficace,5.0,positive
parfait,5.0,positive
28gb not 32gb,4.0,positive
khdm mzyn,5.0,positive
livraison,5.0,positive
conforme,5.0,positive
pas grand chose,3.0,positive
jaime,5.0,positive
saraha wa3ra mrtaha f lid design dl fou9 zwin jnab pas mal dayrin wahd lmateriau pas mal en fait kima katban f tswira saraha,5.0,positive
merci ggg,5.0,positive
nickel,5.0,positive
r` jd,5.0,positive
belle,5.0,positive
ma bihach,4.0,positive
compare with the price,5.0,positive
efficace,5.0,positive
khdam mzyan,5.0,positive
jyd jd,5.0,positive
tasswira tatban suppora mazyana aliminium oumsiftli ana plastik mathaz ta tablit b9a ra lpc portable,1.0,negative
khfifa nadia,4.0,positive
chi logiciel ola chi tari9a bach tfi lighting dyl souris,4.0,positive
waa3rin bjouj claiver et la souris,5.0,positive
khedam w qualite moyen dyal had taman,3.0,positive
wSlny mhrs,1.0,negative
merci jumia,5.0,positive
mmtz@ wtd`m trdd 5 jyjhyrtz,5.0,positive
la roulette ne marche plus,2.0,negative
jadore,5.0,positive
mzn,5.0,positive
zwina pratique w bhal photo nit,5.0,positive
pratique,4.0,positive
chargeur n9i clean lakin maki charjich fast,5.0,positive
genial,5.0,positive
ok ras,4.0,positive
bad qualite,1.0,negative
lamcha tatza3za3 rachwiya kaymchi sora,3.0,positive
good is nice for kali or parrot,4.0,positive
ok,4.0,positive
9biha,5.0,positive
nadya,5.0,positive
fonctionne parfaitement,5.0,positive
perfect mouse original indeed drari ti9a oullah haja zwina bzf katchide charge bzaf ou bleutooth jrbtha f smartphone katsstahi9,5.0,positive
xxl mais ca va,4.0,positive
jadore,5.0,positive
douceursouplesse,5.0,positive
pratique merci jumia,5.0,positive
super produit,5.0,positive
tapi zwina taman zwin,3.0,positive
jani zwin m3a lpc 3jbni bzf,5.0,positive
jatni mzyana,5.0,positive
2 en 1,4.0,positive
ras tt vas bien,5.0,positive
nice souris,5.0,positive
zwyn jd,5.0,positive
810 wallah mo9arana bi taman zwina,5.0,positive
merci jumia,5.0,positive
pas mal je peux streamer avec cette ptite piece mm si ya un seul ptit prob c que c seulement 30 fps,4.0,positive
mauvais article mauvais article,1.0,negative
tbien,5.0,positive
best,5.0,positive
'nSH,3.0,positive
koulchi mzyn nadi,5.0,positive
souris optique utile,5.0,positive
pas mal,4.0,positive
bien,4.0,positive
tres bon,5.0,positive
goood,5.0,positive
nade mzyan,4.0,positive
marche sans probleme,5.0,positive
le cable fonctionne bien,5.0,positive
bon produit,5.0,positive
prix correct,5.0,positive
fonctionne parfaitement,5.0,positive
bien,5.0,positive
ra 23pouce kat ban sghira wlkn ra kbiraaaa,4.0,positive
xouf mn lakhr ecran zwin la kanti katkhdm b htmi 7slk t9lb 3la hdmi male ecranport female wla avg female,5.0,positive
bon etat,5.0,positive
medium,4.0,positive
goood,4.0,positive
bien,5.0,positive
khedemto m3a xbox series s perfect,5.0,positive
y`ml bshy ry'`,4.0,positive
nadi o rkhiss howa rah bassah usb 71,5.0,positive
clavier mazyan choukran 3endi lbit tadkhel liha lghobra 3la allah had lblue switch maykhalich lghobra dkhel,5.0,positive
mzyn,5.0,positive
produit top,4.0,positive
satisfaite,5.0,positive
top qualite,5.0,positive
design dyalha zwin mais d3ifa naw3anma chokran la livraison f lwa9et,3.0,positive
toop de toop,5.0,positive
ca marche nickel,5.0,positive
zwina tberkelah,5.0,positive
mmtz wjmyl,5.0,positive
nice,5.0,positive
tapis nadya bnissbal l drari li 3ndhom sens t9ila easy flick mais l3rd dialha 9ssir,5.0,positive
very smooth tol ra twila mais l3ard dialha 4ir 30 cm so chof mzn wach had l3ard dialha aykfik ola la waslatni ana tapis matniya man lwast chwia so 9alaboha mzn mani tawsalkom sf en general raha mzn,4.0,positive
mabihache,4.0,positive
nadeya o kbira,5.0,positive
meilleur prduit du monde,5.0,positive
bon produit tres economie,5.0,positive
bqy jdyd,3.0,positive
mmtz wjyd,5.0,positive
clavier zwin okfif,4.0,positive
produit mzyan ms lmicro fih mochkil bnsba lnas li kaysm3ok dima kayb9a dayr wa7ed sawt fih sda3 lnas li kaysm3ok f discord ola whatsapp audio lproblem kayn fhad serie kamla dial g2000 nas li kaygolo mafihch lproblem rah hir makay5dmoch b discord ola makaydiroch record l voice dialhom bih mohim rah kayn mochkil fih dial micro o ana machi satisfe,3.0,positive
fih ha cable wa7d dyal audio ya3ni f desktop kaykhdem ha sawt lab8iti mic khasek splitter,3.0,positive
mzyer ala ras chwiya mic o sot zuin,3.0,positive
excellent produit,5.0,positive
qualite,5.0,positive
super,5.0,positive
je recommander,5.0,positive
bien,4.0,positive
top du top,5.0,positive
mmtz,5.0,positive
Hsn jd,5.0,positive
ba9a khdama au mzn rir tokel 3llah,5.0,positive
x96 mini,5.0,positive
satisfaite,5.0,positive
bon zrticle,5.0,positive
'nSH,5.0,positive
wslatni la piece lli demandit 3liha machi chi 7aja khara khddama mafiha tta mochkil,5.0,positive
jyd d,5.0,positive
mkyjysh Twrnwvys kym ftSwr,3.0,positive
li bgha idih rah mzyan,4.0,positive
magnifique,5.0,positive
jaime,5.0,positive
produit conforme,5.0,positive
ikhwane ra shy haja nadya waaaaaaaaaaaaa l7waaaaaaaaaaaaaaaaaaaaaaaa,5.0,positive
produit top,5.0,positive
le mic ne fonctionne pas,1.0,negative
casque zwin bzff o mori7 o sot n9i o ta l mic mjhd bnsba ltaman merci jumia,5.0,positive
parfait,5.0,positive
jaime le produit,5.0,positive
effectivement 288gb,5.0,positive
parfait,4.0,positive
bien emballe,3.0,positive
machi chi haja,1.0,negative
hadakchi zwin,4.0,positive
tranchoir pas colle,5.0,positive
ensemble complet,4.0,positive
parfait,4.0,positive
produit de bonne qualite,5.0,positive
il charge lentement mais correcte,3.0,positive
worth it,5.0,positive
khdm mzyn,5.0,positive
,5.0,positive
je recommande,5.0,positive
je suis content,5.0,positive
fait le job,4.0,positive
parfait,4.0,positive
sraha qualite nadya hta fach katchdha mouriha lbotonat mzyanin la hatchriha lgaling sara nshk biha,5.0,positive
zuina ms mkhdamach f les fps games katb9a tr3d chwiya over all not that bad,3.0,positive
le led et le dpi,5.0,positive
souris wa3ra bzafe bkhossos chada dyalha ou led lifiha wa3ra bzaf bsara7a merci jumia,5.0,positive
thwb mzyn,5.0,positive
le produit est correct,4.0,positive
matiere,5.0,positive
merci jumia,5.0,positive
hhh,5.0,positive
610 evaluate,4.0,positive
quantite minimeje deconseille,1.0,negative
st`mltw krt krfyk brwsyswr bq shwy,4.0,positive
parfait,5.0,positive
1,5.0,positive
'dh ry'` bl'l`b Dy'th jyd@ qbl@ lltGyyr kqym@ fhw jmyl ystHq lshr,4.0,positive
`jbt bny,5.0,positive
khdama mziyan o kat3ti power kafiya,5.0,positive
bon kit,5.0,positive
fonctionnelle,5.0,positive
bon vendeur merci,5.0,positive
parfait,4.0,positive
nule ne marche pas,1.0,negative
satisfait mais pas tres resistante,4.0,positive
bon aucun diffus,5.0,positive
wa3r 7sn mntsawr,5.0,positive
khdam mzyan,5.0,positive
parfaite,5.0,positive
merci jumia,4.0,positive
clavier nadi saraha wakha bli kaynin chi buton mafihoumch do bhal lkrin,4.0,positive
zween bzeef fih red switch wa3r w m7kom rbg tahomaz wenin,5.0,positive
cest bon,5.0,positive
le microphone ne function pas il est pas comfortable,1.0,negative
le casque il ne marche pas jessite a me re paye svp,1.0,negative
satisfait,4.0,positive
bon bon,5.0,positive
parfait,5.0,positive
original,5.0,positive
mzyan walakin formatih hit kiji 3amr b bzf dyal 7wayj,4.0,positive
jarebto w khedam bih dakxi lkhfif excel w google w des applications shgar w sara7 khfiif,5.0,positive
parfait,5.0,positive
saraha zwin bzzaf ou khfif bnsba ltaman mzyan bzaaf,5.0,positive
exelent,3.0,positive
ahsan clavier 9al man 150 dh howa hada,4.0,positive
efficace,5.0,positive
,5.0,positive
ca chauffe rapidement,2.0,negative
jaime la qualite,4.0,positive
excellant,5.0,positive
excellent produit,5.0,positive
sot dialo hrban o quality dial l mic nadia,5.0,positive
super produit,5.0,positive
j aime,5.0,positive
casque zwin dyal gaming li bgha ysm3 music bo7dha masal7ch lih,4.0,positive
li bghah bach il3b fps games je le recommende li baghi itmezek bih nonono,3.0,positive
zwin bzaf,4.0,positive
merci jumia,5.0,positive
had lcasque sdamni be qualite dial sound dialo mais lmic d3if masbarch m3aya 20 days,4.0,positive
sawet de3if,3.0,positive
ne fonctionne pas,1.0,negative
tres bon,5.0,positive
souris na9ssa chwya,5.0,positive
sara7a chi 7aja normal mais 9adya l gharad,5.0,positive
parfait,5.0,positive
pas mal,4.0,positive
il est top,5.0,positive
bien,5.0,positive
        ,5.0,positive
pas mal,3.0,positive
,3.0,positive
je recommande,5.0,positive
battery makichedch mezyan kifma dayrin f description sinon pc khedmto n9iya,3.0,positive
cherkaoui gamer,5.0,positive
bon chargeur,5.0,positive
lb's,4.0,positive
Hjm mtwfq mktb,1.0,negative
produit conforme,5.0,positive
khfDw lthmn,1.0,negative
parfait,5.0,positive
quality mzyana,4.0,positive
tre tre bon,5.0,positive
dghya kaykhwa,1.0,negative
il ne convient pas a mon imprimante,1.0,negative
satisfe,5.0,positive
,5.0,positive
comme decrit,5.0,positive
puissant elegant,5.0,positive
,5.0,positive
mntj fshl,1.0,negative
perfect,5.0,positive
meilleur achat,4.0,positive
qualite mzyana mafiha tachi probleme mkhayra ila tapis li 3yana chwiya o sghira mais rah ghi cadeau alors hania,5.0,positive
gooood,4.0,positive
tres bon moniteur,4.0,positive
dont buy it matchriwhce cable 3yan,1.0,negative
extra bien pa mal,3.0,positive
parfait,5.0,positive
pas davies,5.0,positive
ghlid bzzf machi b7al li flphoto kidir sda3 bzzzaaaf machi configure mn lowel khassek tdih 3end lm3alem,3.0,positive
topppppppppppppp,4.0,positive
produit conforme et de bonne qualitee,5.0,positive
zero zero zero matchriwhach,1.0,negative
,3.0,positive
khedam mezian mais mais cable ne support pas resolution kbira,2.0,negative
pas de probleme avec le cable,5.0,positive
poudre de marque et qualite originale,5.0,positive
ry'` jd,5.0,positive
recommande,4.0,positive
je recommande,5.0,positive
qualite au top,5.0,positive
il ne marche pas,1.0,negative
5 star,5.0,positive
cest bon,5.0,positive
nadiiiii,3.0,positive
satisfait,5.0,positive
il y a un leger faux contact il faut sy habituer,4.0,positive
walh ila zwin khadt joje,4.0,positive
merci bcp,5.0,positive
bon tapis,4.0,positive
bon article,4.0,positive
cest plus petit,3.0,positive
ghali bezaaf mo9arana m3a chhal dayr fso9,3.0,positive
meilleur qualite,5.0,positive
bien,5.0,positive
bon,5.0,positive
bonne qualite,5.0,positive
blan mzyan,4.0,positive
fonctionnelle,4.0,positive
pratique,5.0,positive
khedma n9ya,5.0,positive
il est en aluminium il port bien mon pc de 15 pouces,5.0,positive
khdamt bih tablette mkhayra,5.0,positive
jaime,2.0,negative
jatni 3awja,3.0,positive
super,5.0,positive
je recommande,4.0,positive
satisfait,5.0,positive
goodz,5.0,positive
4k hdmi,5.0,positive
jaime,5.0,positive
,4.0,positive
bien conforme,5.0,positive
produit original,4.0,positive
thmn mnsb,5.0,positive
conforme,4.0,positive
produits originaux conformes,5.0,positive
sy double hdmi 2,1.0,negative
cest bon merci,5.0,positive
pas mal,3.0,positive
je recommande,4.0,positive
5 bouton dpi bonne prix tsthl,5.0,positive
matiere friable,4.0,positive
souris nadya,5.0,positive
bone calite,5.0,positive
mauvaise qualite,2.0,negative
je recommande,5.0,positive
nSH,5.0,positive
zwyn@ cute o pratique luuv it,5.0,positive
j adoooore,5.0,positive
tres bn qualite,5.0,positive
parfait,5.0,positive
mtwsT,2.0,negative
tres bon article,5.0,positive
excellente imprimante,1.0,negative
bien merci,5.0,positive
je recommande,5.0,positive
bad,1.0,negative
jaime,5.0,positive
toppppp,5.0,positive
tres bon article,5.0,positive
lby's,3.0,positive
sa marche pas,1.0,negative
qualite mediocre,1.0,negative
ry'` jd,5.0,positive
a bon prix,5.0,positive
kaywsel dikchi nadi,5.0,positive
conforme merci,5.0,positive
merci canon,5.0,positive
canon c est canon,5.0,positive
yd`m lshHn lsry`,3.0,positive
bon artiles,3.0,positive
pas mal acceptable,4.0,positive
l pc 13 pouces zouiiiina ou li bgha idir chi petit sac zayd idir fih chargeur ou souri ana b3da lama dertha l pc kandirha porte documents kandir fiha registre diali oula chi 7aja bach nmchi mnaddma zidou fiha ldakhel chi l3iba antichock ldakhel ra moumkin ttzad 7it hia kattjebbed ou katt9leb,5.0,positive
magnifique,5.0,positive
9adi lgharad,5.0,positive
pas mal,4.0,positive
super bien,5.0,positive
pas mal mais ghalya hado kaydiro 70dh normalement,3.0,positive
pas mal mais pas waw,3.0,positive
falsa publicidad,1.0,negative
rwtr khyb,1.0,negative
ah sa7ara zwin o 5ayb zwin mic o sawt o 5ayb lwadnin kit7aydo bzarba o kidor f wadnin bkatart isti3mal o rali bnasba l jawda dyalo,3.0,positive
zwin bzzf,5.0,positive
c est bien,4.0,positive
pas mall,3.0,positive
bon cable hdmi,3.0,positive
pas mal,4.0,positive
jaime,5.0,positive
je le recommande,4.0,positive
pratique,5.0,positive
pratique,5.0,positive
drbt bih daba chi 6 moi o ba9i nadi,5.0,positive
Hbyt wkshd shrj wlwn Hsn tSrr,5.0,positive
pas mal par rapport du prix kaydwzo 9riba lchi 2h dyal lkhdma lmohim kaydiro khdmthom,4.0,positive
zwiiiin ystahl tamano,5.0,positive
dghya kaytcharjaw kayb9aw charged moda twila dghya kaytconnectaw o interactive m3a finger touches bzrba wlkn sawt chwiya na9s sara7a o kayti7o hint kbar makaydokhloch lwdn bzz,3.0,positive
nDy,5.0,positive
toooop,5.0,positive
bien 0000000000000000,4.0,positive
quality zwina bzaf,5.0,positive
specialiste,5.0,positive
sewet mjehed we zwine saraha mandemtch 3lih,5.0,positive
taman r5is bzaf bnusba l qualite rah 3ndi kter mne 3 mois kayb9a xinrat 3 hour bla maytcharja sot zwin ou wsli drya,5.0,positive
je recommande excellent article,5.0,positive
ry'` jd,5.0,positive
bien produit,5.0,positive
jadore,5.0,positive
jaime,5.0,positive
nadin ki chedou charge ou ki sm3o mzyan,4.0,positive
kaychdo la charge,5.0,positive
bonne qualite,5.0,positive
zwiniiiiin,5.0,positive
bon article,5.0,positive
lhrba,5.0,positive
bon prpduit,5.0,positive
je deteste,1.0,negative
0 khaybin la sawt la walo kay t9ta3 sot fihom,1.0,negative
parfait,5.0,positive
top,5.0,positive
pas mal,3.0,positive
produit conforme,5.0,positive
excellente qualite sonore,5.0,positive
sawt mzyan walkin chargeur ga3ma khdam,3.0,positive
batterie top,4.0,positive
wa3r bzaf,5.0,positive
rapport qualite prix bon,4.0,positive
sot machi tal tma,3.0,positive
3jboni sawt fihom zuin khodohom,5.0,positive
bien,5.0,positive
nqSyn,3.0,positive
bon,4.0,positive
pas male,5.0,positive
ghali l9ito ghir b 850,1.0,negative
kayt9ata3 mara mara manha sot walakin 3la 3omom zwinin kay9diw kharad,3.0,positive
bien,5.0,positive
wa3er had l produit ghi li mabghach,5.0,positive
mauvaise,2.0,negative
moyen,3.0,positive
parfait,5.0,positive
a recommander,4.0,positive
je recommande,5.0,positive
ergonomique,5.0,positive
pas mal,4.0,positive
fiha mic ne9i,5.0,positive
bien,5.0,positive
bien,4.0,positive
li rassha sghir aybqaw chwuiya mrkhofin ou kissm3o le li hdak,3.0,positive
stereo 25 bass 45 audio calls 45 comfort 55 material 35,4.0,positive
m9wdin gha howa 58 li wslatni wlkn rah nadin,5.0,positive
magnifique,5.0,positive
bon,3.0,positive
qualite camera la 3ala9a wmafihch fast charge wkaydecharja bzarba k telephone la3ala9a,5.0,positive
tooooop,5.0,positive
nimporte quoi,1.0,negative
zwin tawssil rapide o li kay9oul 3lih khayeeb raah dak chi li baghi nta machi hada howa tamano,5.0,positive
zwina bezafff merci jumia,5.0,positive
b's,3.0,positive
magnifique,5.0,positive
jaime,5.0,positive
volume insuffisant,3.0,positive
tres correct comme son,4.0,positive
pas mal,3.0,positive
parfait,5.0,positive
jyd jd,5.0,positive
blan,4.0,positive
bon prix bon qualite,3.0,positive
zwiiin,5.0,positive
le style,5.0,positive
jaime ca,5.0,positive
pas mal,2.0,negative
merci jumia,5.0,positive
mzyanin 910,4.0,positive
super,5.0,positive
jaime,5.0,positive
pas mal,4.0,positive
tres bon rapport qp,5.0,positive
pas mal,5.0,positive
excellent produit,5.0,positive
pas mal,2.0,negative
mauvaise affaire tkharbi9a,1.0,negative
makhsch ykoun fiha lkhbachi wmakhsch t3waj,3.0,positive
utile,5.0,positive
,5.0,positive
010,1.0,negative
mzyanin,4.0,positive
kima li ftswira,5.0,positive
jmyl,4.0,positive
kiched la charge,5.0,positive
zwin bzaaaaaf,5.0,positive
zwiiiin,5.0,positive
joli pour le prix,3.0,positive
top,5.0,positive
yes,3.0,positive
ry'` jd,5.0,positive
mzyanin,5.0,positive
telefone zwin,4.0,positive
rapport prix qualite,5.0,positive
zwynyn,5.0,positive
sghar bzaf apparemment la photos o description,1.0,negative
`jbwny,4.0,positive
satisfait,5.0,positive
hssen mn tswira produit naddy,5.0,positive
smart watch zwina o bhal apple watch kima la photo o jaw m3aha les 2 bracelet merci jumia,5.0,positive
pas mal,3.0,positive
mmtz wmndwb jwmy mmtz,5.0,positive
zwinin o forma dyalhom sghar chwia,5.0,positive
zwinin walakin machi bzaf walakin m9belin kayls9e,4.0,positive
superr,5.0,positive
hosto p,5.0,positive
zwinin,5.0,positive
excellent produit,5.0,positive
pas ouf,3.0,positive
qualite,5.0,positive
bien confor,4.0,positive
mselek mo9arana batman manense7 bih,3.0,positive
`mly,1.0,negative
tbt,2.0,negative
mzyanin,4.0,positive
mfyd jd,5.0,positive
r9a9 ou mzyanin l l3b,5.0,positive
les ecouteurs dyal 30dh hsan mn hado bzaaf sot naqf bzaaf e si jatek shi appelle mic mkisama3 walo,1.0,negative
qualite 0,1.0,negative
bnisba li charje kaib9awo fi music wla film 2 heurs wa boite katcharjihom ghir 3 fois,5.0,positive
quality,5.0,positive
bon article,5.0,positive
cest bon,4.0,positive
bien,4.0,positive
pas mal,4.0,positive
,5.0,positive
dak chi mazin khadam lah 3atikom saha,5.0,positive
vendeur fiable produit intact configuration exacte foncez,5.0,positive
`mly ry'`,4.0,positive
tele zwin dyal salak rak tma o safe,5.0,positive
ras,4.0,positive
carte memoire top rien a dire,5.0,positive
mabih,3.0,positive
kima f sora okhdamin mzeyan had sa3a jaime tres bien,5.0,positive
,5.0,positive
syy' jd,1.0,negative
zwin kaysbar 12h and supported hi fi,4.0,positive
ya9dar yatharas lik ila maraditich lih lbal mohim zwin kay adi lwajib,3.0,positive
pas malle,3.0,positive
ne lachetez pas,1.0,negative
bon produit,5.0,positive
khdam mzyan knch3l bih router b powerbank khdam mzyan,5.0,positive
super,5.0,positive
nymymny,5.0,positive
qualite d plastique 3iyana o sot kawsl t9iil,1.0,negative
mqbwl,3.0,positive
zwinin kaysm3o mzyn,4.0,positive
autocollants divers bonne qualite,4.0,positive
medium quality,3.0,positive
radio hors service,3.0,positive
qualite mediocre,3.0,positive
mzyanin,1.0,negative
impression bas de gamme et vinyle bas de gamme,3.0,positive
they arent much of a sanrio character,4.0,positive
top top top,4.0,positive
nadii,5.0,positive
ww,5.0,positive
nadii bezaf mercii,5.0,positive
top top top,5.0,positive
mnsb shkr,4.0,positive
pratique,4.0,positive
bonbon,5.0,positive
kytnfkh,2.0,negative
mabihax,3.0,positive
tbarkellah 3likomkolvhi mzn,4.0,positive
jaime,5.0,positive
sot na9s xwiya w charge dghya kaymxi w m3a ka7la makat3rfx wax kaytchargaw wla la,1.0,negative
mzyn w mzynyn,5.0,positive
super produit,5.0,positive
qualite a revoir,2.0,negative
jaime vraiment,5.0,positive
peu maniable,3.0,positive
mkhyr wrkhyS,4.0,positive
zwyyyyn,5.0,positive
il fonctionne super bien,5.0,positive
je valide,5.0,positive
nul ne fonctionne pas,1.0,negative
ah oui kaywsal m3ah l batterie dyalo et khdam wakha tba3d b 2m,5.0,positive
zwinin,4.0,positive
bon son,5.0,positive
produit non authentique mais qualite acceptable,3.0,positive
chokran,5.0,positive
pratique pratique,4.0,positive
pratique,5.0,positive
pas comme photo,2.0,negative
produit top,5.0,positive
kadi lgharad power bank o demareur dial batterie dimarit bih tonobile bla hta mochkil,5.0,positive
`mly jd jd,5.0,positive
bon,5.0,positive
conforme,5.0,positive
amazing,4.0,positive
jaime,5.0,positive
ry'`,5.0,positive
kits mzian khdamin f iphone nadyin highly recommended,5.0,positive
pas mal,2.0,negative
parfait,5.0,positive
woooow,5.0,positive
nadyin,5.0,positive
je le recommande,5.0,positive
mzyaaan,5.0,positive
excelent,5.0,positive
resemble a la description,5.0,positive
merci,5.0,positive
zwiin bzzzzzzf,5.0,positive
merci,5.0,positive
original,5.0,positive
katchad la charge ozawina fchkal,5.0,positive
correspond parfaitement,4.0,positive
Hjm wshkl,5.0,positive
bien,3.0,positive
rir mkalda machi aslaya,1.0,negative
pas mal,3.0,positive
magnifique,5.0,positive
ok bien,5.0,positive
thank youuu i love it,5.0,positive
zwin walakin ghali 3la tamano fblays akhrin,4.0,positive
merci bouceau,5.0,positive
le graphique,5.0,positive
satisfait,5.0,positive
7sen men flosso,5.0,positive
bien compatible,4.0,positive
mntj mdhsh,5.0,positive
super cela marche super le service rapide et efficace,5.0,positive
bien,5.0,positive
bon jeux,5.0,positive
un bon livreur,5.0,positive
bon produit,4.0,positive
impecable,5.0,positive
howa mzyan bnisba ltaman dialo ou chkel dialo zwin,5.0,positive
rj3atni l ayam tofola,5.0,positive
parfait,5.0,positive
produit conforme,5.0,positive
mantouj toop,5.0,positive
khdama mzian mes ghir les manettes li kikono machi original,5.0,positive
jyd wry'`,3.0,positive
bonne livraison,1.0,negative
bon produit,4.0,positive
impecable,5.0,positive
cest pas loriginal mais il est semblable,4.0,positive
produit conforme,5.0,positive
jrbh,1.0,negative
bon jeux,5.0,positive
b1 tttttt,5.0,positive
merci jumia,4.0,positive
bon produit,4.0,positive
impecable,5.0,positive
,5.0,positive
tres contente,5.0,positive
mmt` jdy,5.0,positive
thank you jumia on express delivery,5.0,positive
bon jeux,5.0,positive
bon produit,4.0,positive
impecable,5.0,positive
kolchi mzyan,4.0,positive
jaime,5.0,positive
bon,5.0,positive
bonne manette,5.0,positive
rater lanniversaire dun jour,4.0,positive
ok ras,5.0,positive
bonne affaire merci,5.0,positive
j adore,5.0,positive
carre comme un kiri,5.0,positive
pas mal,4.0,positive
cest magnifique,5.0,positive
bon produit,4.0,positive
impecable,5.0,positive
bon jeux,5.0,positive
chihaja lhrba,5.0,positive
bon jeux,5.0,positive
bon produit,4.0,positive
impecable,5.0,positive
pas mal,5.0,positive
jadore,5.0,positive
cest parfait cesr cool,5.0,positive
haute gamme,5.0,positive
produit original,5.0,positive
siuuuuuuu,4.0,positive
produit top,5.0,positive
livraison express,5.0,positive
bon jeux,5.0,positive
parfait,5.0,positive
bon produit,4.0,positive
impecable,5.0,positive
j adore,5.0,positive
magnifique jeu,5.0,positive
bon produit,4.0,positive
impecable,5.0,positive
bon jeux,5.0,positive
top,5.0,positive
bon produit,4.0,positive
impecable,5.0,positive
top du top,5.0,positive
bon jeux,5.0,positive
excellent,4.0,positive
bonne qualite,5.0,positive
ca demelle bien les cheveux j ai aime en utilisant avec le shampoing de la meme gamme,5.0,positive
good conditioner hydrating for all hair types if used properly but its runny texture makes it a bit wasteful compared to other garnier conditioners,4.0,positive
livreur professionnel,5.0,positive
excellent,5.0,positive
lun des meilleurs produits de narta,5.0,positive
,5.0,positive
lodeur est un peu bizarre mais pr le prix ca vaa,3.0,positive
magnifique texture,5.0,positive
livraison rapide je recommande,5.0,positive
il cache les cernes,4.0,positive
nshf@,1.0,negative
cest pratique,5.0,positive
zwin bzfee,5.0,positive
jadore ce mascara effet khol magnifique,5.0,positive
katla3 rmoch w makatls9homch,5.0,positive
tres bon produit,5.0,positive
parfait,4.0,positive
mauvais produit,1.0,negative
jaime bien je vous le recommande,4.0,positive
mzian mais ghali bzaffff,3.0,positive
satisfaite,5.0,positive
zwin saraha mazal nakhdu huwa mefto7 ki couverer mzian,4.0,positive
une couleur orange mate et hydratent,4.0,positive
la creme hydratante cest fair and lovely f emballage jdid,2.0,negative
la creme cest pas comme je voulais,4.0,positive
zwine katbqa lodeur dyalo lasqa f che3r hta le troisieme jour kirteb bzf mais kidir lqechra,5.0,positive
je recommande,4.0,positive
tattoo linermshy Hsn jwdh,4.0,positive
le liner est juste magnifique,5.0,positive
authentique,5.0,positive
tres bonne consistance reste longtemps mais il est un peu orange pas nude,3.0,positive
kiretb w rihto zwina ms mafihch loun,4.0,positive
c bien,4.0,positive
le defaux ce quil est deja consomme la bouteille est vide,3.0,positive
couleur top et ca dure toute la journee,5.0,positive
livraison rapide et la couleur est tres bonne meme si elle est plus claire que sur la photo,4.0,positive
jyd jd,5.0,positive
je naime pas decus,1.0,negative
jaime ces gloss vinyl bonne formule qui dure toute la journee jen ai en plusieurs teintes mais jai remarque quils donnent des couleurs differente dune personne a lautre par ex punchy est marron un nude parfait pour moi mais clair pour ma copine,5.0,positive
meilleur offre,5.0,positive
gloss fen makayethiyedch wakha heta takli ou mascara fena makatlese9ch chfar w kateb9a,5.0,positive
j utilisais l anticerne deja mais le find de teint il est plus clair que moi fallait idirou la reference 06 et fih wahd l odeur bhal dial les cremes solaire,5.0,positive
must have les filles,5.0,positive
tres bon,5.0,positive
zwiiiine wakha nachef,1.0,negative
jmyl jyd,5.0,positive
il est bien sauf que ca se consomme vite,4.0,positive
kireteb oghezal makrahtkomch t3awrdo diro fih sold,5.0,positive
wl mr@ t`rDt llnSb jwmy shkr khlSt 42drhm twSlt bHb@ wHd@ shkr srqtkm,1.0,negative
zwyyyyyyyyyyn bzf,5.0,positive
les deux,5.0,positive
mziwen 3jbatni ta9e6iya dyalou wlakin ja chwiya Gmq lwn dyly lns ly lbshr@ dylhm byD@ knSHhm ykhdw nmr@ 01 wla 02 n khdyt nmr@ 03 jtny Gmq@ shwy@ shy Hj@ wkhr fhmtsh `lsh lfwndytyn mktwb made in china lkwnsylr mktwb mede france,4.0,positive
couleur zouina kanakhdha w n3awd nakhdha et kayb9a toute journee wakha takli wtcharbi,5.0,positive
mntwj mmtz,5.0,positive
petit mais efficace,4.0,positive
pas de fraicheur,3.0,positive
zwin je recomande meme pour les brunes,4.0,positive
llwn qwy bzf mjshy m`y kylsq mzyn llwn bHl hdk flSwr@ blDbT,3.0,positive
zwin w authentic,5.0,positive
texture mousseuse application facile et precise en plus il tient toute la journee,5.0,positive
belle couleur et katb9a moda twila,5.0,positive
jolie couleur avec une longue tenue,5.0,positive
long lasting,4.0,positive
zwin loun fance,5.0,positive
good concealer i recommend,5.0,positive
le meilleure prix sur le marche c bcp plus cher ailleurs,5.0,positive
couleur peche nude parfait pour les peaux blanches very light peachy color,5.0,positive
loun chwiya fonce 3la loun li kayban kay3ti chwiya orange,5.0,positive
super hydratant,5.0,positive
je recommande,5.0,positive
deuxieme achat et je vous remercie beaucoup jumia,5.0,positive
vraiment ils sont tooop,5.0,positive
Hbbt lmntwj wlkhdm@ wlthmn,5.0,positive
mascara incroyable et rouge a levre tres resistant,5.0,positive
jaime pas,1.0,negative
couleur seduisante je la recommande,5.0,positive
b9a m3aya nes nhar wakha klit o chrebt,5.0,positive
magnifique couleur,5.0,positive
mkynsh shy ntyj@ zwyn@,3.0,positive
llwn mkynsh zwyn wlmntwj mkynsh ntyj@ zwyn@,3.0,positive
wSlwny flSwr@ shkr llby'` wshkr jwmy,5.0,positive
jmyl@ rTb@,5.0,positive
rwwwwww`@,5.0,positive
Glf ll`b@ mbyn lGlf lkhlfy ll`b@ blsbny@ lby'` kdhb Gsh l`ln ll`b@ fjyd@ jmyl@,1.0,negative
sama7aho lah,1.0,negative
3la 3omri ma3raftch chi haja khayba kima hadi,1.0,negative
ll`b@ mshy lSwr@ wlGlf mktwb blsbny@ wll`b@ mktwb `lyh blfrnsy@,1.0,negative
lah yakhad l7a9 wla y7afd,1.0,negative
knt ntZr ll`b@ lSly@ llsf tkn,1.0,negative
tfo kdub,1.0,negative
top,5.0,positive
authentique,5.0,positive
bonne qualite,5.0,positive
tres confortable,4.0,positive
authentique,5.0,positive
confortable et identique a la photo,5.0,positive
produit conforme,5.0,positive
1010,5.0,positive
parfait,5.0,positive
bonne qualite,5.0,positive
magnifique,4.0,positive
zwina surtt lnnass li kaydiro la marche,5.0,positive
bon qualit bon livraison bon service,5.0,positive
lshkl,5.0,positive
produit original,1.0,negative
a ne pas rater waaa3ra,5.0,positive
confortable zwin,5.0,positive
nice one trop style,4.0,positive
merci jumia,5.0,positive
mazyana,4.0,positive
zwina f choufa mais chwiya 9ass7a kadbar made in indonisia,3.0,positive
nice pas mal,5.0,positive
pas mal,3.0,positive
mzyna otaman monasib,5.0,positive
bien,5.0,positive
top,5.0,positive
mzyana,5.0,positive
parfaite,5.0,positive
jaime bien le design mais la semelle est dure pour les pieds dun enfant la qualite est bonne good shoes but the sole is hard for the little one,4.0,positive
top,5.0,positive
satisfait,5.0,positive
bon,4.0,positive
produit original,5.0,positive
sbrdina zwina wkolchi howa hadak chokran,5.0,positive
wlh ila prix zwin original lah i3tikom sa7a,5.0,positive
bonne rapport qp,5.0,positive
livraison record merci jumia,3.0,positive
khdytw kdw kybn Gzl,5.0,positive
sbardina zwina btaman monasib wslatni l sebaa aiyoune bsor3a kolchi howa hadak chokran,5.0,positive
original,5.0,positive
confortable,4.0,positive
bonne qualite,4.0,positive
confortable,4.0,positive
super,5.0,positive
jyd,4.0,positive
je recommande,5.0,positive
bien,5.0,positive
cest leger,3.0,positive
confortable,4.0,positive
zwina bzaf o taman monasib,5.0,positive
lb's,3.0,positive
couleur top,5.0,positive
3ejbatni nadya,5.0,positive
mon mari a adore,5.0,positive
mntj Sly jwd@ mtwsT@,5.0,positive
zwina walakin dey9a fel 3erd chwiya,4.0,positive
super merci,5.0,positive
confortable,5.0,positive
produit authentique,5.0,positive
retb ou sekhoun,5.0,positive
top top,5.0,positive
pratique,5.0,positive
ghir jatni sghera chwiya,4.0,positive
inconfortable,1.0,negative
top du top rajli 3jbo bzaf mochkil makaynch taille sghar wkaha dayrine unisex makayn 38 37 et khodo taille wahda zayda,5.0,positive
confortable,5.0,positive
pointure trop serree,3.0,positive
prenez de pointure de plus,5.0,positive
parfait,5.0,positive
pas originale,3.0,positive
magnifique,5.0,positive
zewina bzzzf,5.0,positive
bonne qaulite,5.0,positive
vraiment confortable toop,5.0,positive
confortable,5.0,positive
du vrai birkenstock,5.0,positive
jadoooooore,5.0,positive
super confortable,5.0,positive
tHyl,2.0,negative
ca va normal,3.0,positive
j aime,4.0,positive
ma bihch,5.0,positive
bien,5.0,positive
bien,5.0,positive
je donne 5 sur 10,3.0,positive
excellent qualite,5.0,positive
mqs mnsb Swfy,4.0,positive
pas mal,3.0,positive
bon article,4.0,positive
bon article,4.0,positive
authentique,5.0,positive
mezyana bkack friady,5.0,positive
super produit,5.0,positive
confortable,5.0,positive
top zwin ms ri7a dyal lcuir fiha mjehda bzaaf,5.0,positive
shy,5.0,positive
mrk@ Sly@ jwd@ mmtz@,5.0,positive
khari makansa7komch tchrih kolchi fih m3ankach ta7aja mama9ada ndamt 3lah chrito,2.0,negative
jyd,4.0,positive
bhal photo rezala f lebsa o tissu bach msawba mzyn,5.0,positive
trop sympa,5.0,positive
jumia zero,5.0,positive
merci jen suis contente,5.0,positive
sandale confortable,5.0,positive
bonne qualite,5.0,positive
la qualite est top,5.0,positive
confort,5.0,positive
taille large,4.0,positive
,4.0,positive
produit de bonne qualite,5.0,positive
magnifique,5.0,positive
b's,3.0,positive
zwiiina,5.0,positive
cool,4.0,positive
zwinin,5.0,positive
bonne qualite,5.0,positive
pratique,5.0,positive
leger et utile,5.0,positive
pas mal khask takhod taille kbira 3lik bzf bax ylh yji 9dek,3.0,positive
la taille hiya hadik w skhikhna,4.0,positive
Hd ry'`,5.0,positive
wa3ra w taman monassib,5.0,positive
qualite top,5.0,positive
wa3ra bzaaf,5.0,positive
nadya original,5.0,positive
magnifique,5.0,positive
bn,4.0,positive
bien,5.0,positive
ghir z3am tob nta3hom 9tan,5.0,positive
le tissus mazwinch bzaf,3.0,positive
ghzaaaala,5.0,positive
bon bon,5.0,positive
tres joli,5.0,positive
fna kanshkom bija,5.0,positive
mzyanna makatk7alx,5.0,positive
je le recomande,5.0,positive
je recommande pas,1.0,negative
bon pantalon,4.0,positive
la rapidite,5.0,positive
pas mal,3.0,positive
il me plait,5.0,positive
qualite zouina,4.0,positive
rTb,5.0,positive
jaime,5.0,positive
coton sympa,3.0,positive
bonne qualite,5.0,positive
produit cotton egypte impecable,5.0,positive
bon prodouit,3.0,positive
produit zwin saraha wmzal masddach lia,5.0,positive
ltmn jyd jd,5.0,positive
,4.0,positive
pas mal,3.0,positive
mw'lm wsy',1.0,negative
jai commande 39 et jat kbira bhal ila labsa 40,1.0,negative
zwyn mryH,5.0,positive
thwb jyd,5.0,positive
top 5 etoiles,5.0,positive
qualite shwia 3yana ms bnesba ntaman rah zwin oki9di gharad,4.0,positive
ry'` 'nSH,5.0,positive
top et originale,5.0,positive
1010,5.0,positive
super,5.0,positive
top top,5.0,positive
chwaya,3.0,positive
top ras,4.0,positive
pratique,5.0,positive
pas mal,4.0,positive
cute,3.0,positive
super qualite,5.0,positive
excellent jumia,5.0,positive
deghia tchereg,3.0,positive
,5.0,positive
zwiwen,4.0,positive
pa mal bon prix,4.0,positive
t shirt zwin bzf,5.0,positive
nadi,4.0,positive
had t shert kibayan kolchi mn ldakhal ya3ni darori khask tlbas chi haja lbayda mn taht,3.0,positive
pas mal,5.0,positive
produit parfait,4.0,positive
qTn zwynyn,4.0,positive
bien coton,5.0,positive
excellent haut belle matiere,5.0,positive
excellent qualite,5.0,positive
bon tissu,4.0,positive
zweena,5.0,positive
lb's,4.0,positive
,4.0,positive
pas mal,3.0,positive
ps mal,4.0,positive
elle noicir nul,1.0,negative
srwl ry'`,5.0,positive
parfait,5.0,positive
jmbl,4.0,positive
zewina,5.0,positive
chofo ana mli chritha tshabni original walakin wakha tchofo boutique officiel rah machi original walakin saraha raha zwina omakatkarfch dgia,2.0,negative
mzyana walakin chwiya 9assha,5.0,positive
ras ras,4.0,positive
conforme,5.0,positive
c bon,4.0,positive
zuina mais r9i9a o tuila,4.0,positive
trop serre,2.0,negative
bon profuit,5.0,positive
pas mal,3.0,positive
bon service,3.0,positive
jai adore le culottes rouge il est confortable w,5.0,positive
merci,5.0,positive
ras il est bien,4.0,positive
je ladore,4.0,positive
magnifique,4.0,positive
jaime trop,5.0,positive
pas mal mabihoumch,3.0,positive
niceeeeeeee,5.0,positive
pas mal,3.0,positive
j aime,5.0,positive
tres jolie wldii 3jbato bzzf,5.0,positive
pas mal,4.0,positive
nice,4.0,positive
thats so cuute,4.0,positive
pas brillant comme la photo,4.0,positive
jaime,5.0,positive
,5.0,positive
waldi 3ajbo bzzf,5.0,positive
wow,5.0,positive
bonne qualite,5.0,positive
,5.0,positive
tissus tres bon la coupe chwia w safi bande entre cuisses trop large,3.0,positive
pas mal,3.0,positive
sghiwra mingon mai zwina,3.0,positive
magnifique montre,5.0,positive
a lapporte,5.0,positive
top,5.0,positive
jadore,5.0,positive
,5.0,positive
casquette ok,5.0,positive
je la porte everydayyyy,5.0,positive
,5.0,positive
mzianin,5.0,positive
confortable o zwin,5.0,positive
cuuir tres bon,4.0,positive
00,1.0,negative
il est parfait,4.0,positive
parfait,5.0,positive
ok,5.0,positive
ry'` jd,5.0,positive
exellent,5.0,positive
hya zwina mais ghir khoudou taille kbira bjouj merrat plus que dak logo kiban sghir mais hua kbiiir si non skhouna omoriha,3.0,positive
bravo,5.0,positive
bon tissu,4.0,positive
pa s mal,2.0,negative
tres plaisant,5.0,positive
merci,5.0,positive
cher de 30,2.0,negative
moyen ik,3.0,positive
j aime,5.0,positive
wa3ra bzaf,5.0,positive
10 sur 10,5.0,positive
hyper confortable,5.0,positive
top authentique,5.0,positive
je recommande,5.0,positive
matiere coton,4.0,positive
zwin bzzaf,5.0,positive
idem que la photo,4.0,positive
j aime,5.0,positive
jadore,5.0,positive
belle arnaque,3.0,positive
qualite prix,5.0,positive
conforme,4.0,positive
tres bien,5.0,positive
bon produit,4.0,positive
mntj sy,1.0,negative
mqbwl `mwm,3.0,positive
zwyn bzf,5.0,positive
rien a signaler,4.0,positive
parfait,5.0,positive
bien,5.0,positive
trop serre,2.0,negative
wa3riiiiiin,5.0,positive
il eat magnifique,5.0,positive
tissus,5.0,positive
khfif zwinnn,5.0,positive
llwn,5.0,positive
jaime,5.0,positive
sghir bzaaf,3.0,positive
mauvaise affaire,1.0,negative
nhesitez pas albnat zwina,5.0,positive
bonne qualite,5.0,positive
theyre so big bro,3.0,positive
ras,4.0,positive
zewine mo9arana bi tamane,5.0,positive
zwin cv ms machi chi jeld se7i7,4.0,positive
jalde dyalo zwine ou mouri7 je le donne 1010,5.0,positive
zwina ombrda,5.0,positive
top 10,5.0,positive
j aime,5.0,positive
magnifique,5.0,positive
produit identique,5.0,positive
cassueyta dyal lbard,5.0,positive
exellent,5.0,positive
pratique design magnifique,4.0,positive
pas mal,3.0,positive
pas trop,3.0,positive
bien,4.0,positive
pas mal,3.0,positive
mqs mnsb,1.0,negative
manque poches,3.0,positive
top tres jolie,5.0,positive
merci,5.0,positive
f la realite kiban bhal duk snislat diyal 10dh,2.0,negative
merveilleuse,5.0,positive
top de top,5.0,positive
3jabni,5.0,positive
yes,5.0,positive
parfait,5.0,positive
j aime,5.0,positive
ykwn durable,4.0,positive
parfait,4.0,positive
toop,5.0,positive
toooooooooop,5.0,positive
magnifique,5.0,positive
cest nul,1.0,negative
le gris,5.0,positive
coton,3.0,positive
shy,5.0,positive
saraha sabat zwin bhal li fi sora,5.0,positive
jaime,5.0,positive
satisfait,5.0,positive
pas mal,4.0,positive
mzyana,4.0,positive
,5.0,positive
bien,5.0,positive
c joli,4.0,positive
w taman tkhis,5.0,positive
mauvais tissus,1.0,negative
bon prduit,4.0,positive
b1,5.0,positive
confortable,5.0,positive
dayra bhal chi khancha wj pris ma taille mais kbira wmamfasla ma walo,2.0,negative
machi comfortable 9as7a chwia,3.0,positive
belle robe,5.0,positive
parfait,5.0,positive
mntj bs,4.0,positive
original,5.0,positive
dghia t9t3li,2.0,negative
legere,3.0,positive
precis,5.0,positive
jmyl shklh rqy,5.0,positive
lshkl ry'`,5.0,positive
c est moyen,3.0,positive
bon rapport qualite prix,4.0,positive
satisfait,5.0,positive
zwiiina,5.0,positive
pas mal,5.0,positive
the best,5.0,positive
des boucles zwiiniine ghaliiban ghadin y3ajbokom,5.0,positive
des boucles zwiiniine ghaliiban ghadin y3ajbokom,5.0,positive
je valide,5.0,positive
impeccable merci,5.0,positive
ras ras,3.0,positive
mori7a makatdber ma kat3deb wkha tdreb biha tri9 bzf,5.0,positive
chaussure confortable,5.0,positive
excellent produit,5.0,positive
je le recommande,4.0,positive
cuir dur,3.0,positive
je recommande,4.0,positive
merci jumia,5.0,positive
la couleur,5.0,positive
mauvise qualite pendant la photo,1.0,negative
mwntj jmyl,4.0,positive
`dy,3.0,positive
je le recommande,5.0,positive
joli joi,4.0,positive
Hsn mntwj,5.0,positive
parfait,5.0,positive
kifma la photo,5.0,positive
gris,3.0,positive
satisfait,4.0,positive
jyd,5.0,positive
nice,5.0,positive
beau t shirt,5.0,positive
decu,1.0,negative
zwina khfifa,5.0,positive
confortable,5.0,positive
top d top,5.0,positive
pas mal,4.0,positive
excellent comme la photos,5.0,positive
parfait,5.0,positive
l emballage insatisfaisant,2.0,negative
magnifique,5.0,positive
bien,3.0,positive
jaime,5.0,positive
pantalon noir basic,2.0,negative
jaime trop,5.0,positive
pas mal,4.0,positive
,3.0,positive
cest jolii,5.0,positive
bonne reltion qp,4.0,positive
mmtz jd,4.0,positive
dkwr lmntj 1010 jwd@ lmntj 010,1.0,negative
bien bien,3.0,positive
qualite superieur,5.0,positive
top,5.0,positive
`jbny,5.0,positive
mmtz mmtz,5.0,positive
top,5.0,positive
wa3rine,5.0,positive
pratique,5.0,positive
zwinin okima f taswira,5.0,positive
tissu chwiya skhon w basic,5.0,positive
mabqach f loin dialo,3.0,positive
ghzalin bzfff ta t3amol m3a siyad f point relais zwin driiyf bzf,5.0,positive
confortable,5.0,positive
cotton magnifique,5.0,positive
jaime,4.0,positive
tissue tres jolie,5.0,positive
jwd@ tSny`,1.0,negative
quality mabihach chritha f 2021 daba rah 2023 wlat 7altha toub dyalha 5fif ma chadch mzyan mou9aranatan m3a w7da5ra knt chritha apres mn swi9a mais hadi sbrat m3aya 3amayn w rah katbhat mn lounha,3.0,positive
plus solide,2.0,negative
saraha mziyan w qualite,5.0,positive
bien correct,4.0,positive
pas mal,4.0,positive
top 100000,5.0,positive
thwb jyd,5.0,positive
nice one tnank you,5.0,positive
bon,3.0,positive
j adore le tissu elegant,5.0,positive
pas mal,3.0,positive
confortable,4.0,positive
bien,5.0,positive
pas super mais sa passe,3.0,positive
bon qualite,3.0,positive
mantoj khaaaaayb daghya tkhasar,2.0,negative
mmtz,4.0,positive
j aime,5.0,positive
khodo taille sghar menkoum 34 rah katlabass 38,4.0,positive
conforme,4.0,positive
generalement zwinin ghir chwia mailin o khas trad lbal laiti7o,4.0,positive
zwyn bzf,5.0,positive
jyd,5.0,positive
dessus,1.0,negative
`jbny bzf,5.0,positive
pratique,4.0,positive
trop serre,2.0,negative
zwina wlkn rah matwilach bzf ila kan 3ngek kbir ghadi t9jk,3.0,positive
nDy@ bzf,5.0,positive
over price,2.0,negative
confortable,5.0,positive
jadore cet article,5.0,positive
bonne qualite,4.0,positive
bien,4.0,positive
jai adore,5.0,positive
mantouj fe lmostawa,5.0,positive
merxi jumia,3.0,positive
sandales adilette noires unisexe,5.0,positive
merci bcp,5.0,positive
waaao superbe,5.0,positive
parfait,5.0,positive
bien,3.0,positive
confort,4.0,positive
je recommande,5.0,positive
recomendable a 100,5.0,positive
tres doux comfortable,5.0,positive
je recommande,5.0,positive
thwb zwyn,5.0,positive
D`yf,2.0,negative
pas mal,3.0,positive
je recommande pas,2.0,negative
original,5.0,positive
produit de bonne qualite,5.0,positive
la qualite du cuir,5.0,positive
super qualite,5.0,positive
le pantalon est long,5.0,positive
jaime,4.0,positive
skhouna mais kat7abeb,3.0,positive
la finition nest pas celle que jattendais,3.0,positive
satisfaite,5.0,positive
parfaite,5.0,positive
satisfaite,5.0,positive
b's,4.0,positive
comme la photo et cute jai pris 5 pour moi et mes amis jmyl jd `jb Sdqy'y,5.0,positive
qualite chwiya na9s a,4.0,positive
top d top,5.0,positive
b's,3.0,positive
originalcomme la description,5.0,positive
confortable,5.0,positive
3ejbet rajli,4.0,positive
merci jumia,5.0,positive
professional,5.0,positive
mntj 'Sly,1.0,negative
lH bl@@w@@,1.0,negative
il est mimi merci jumia,5.0,positive
ry'`@,5.0,positive
woow very nice 3jbatni bzaaf,5.0,positive
jaime,4.0,positive
sarraha zwinin w batman monassib 99 dh,5.0,positive
super coll,5.0,positive
super,4.0,positive
zwyn,5.0,positive
tres joli,5.0,positive
je recommande,5.0,positive
its ok,3.0,positive
moins de largeur,4.0,positive
conforme,5.0,positive
toubha zwinee rtabb,5.0,positive
zwina ghir le pontalon kaytla9 sbagha ma khasouch ykoun kaytla9,4.0,positive
r9i9 bezaf,3.0,positive
jolie j aime,4.0,positive
sur mesure bien,5.0,positive
thwb rdy jd,1.0,negative
mzian saraha,4.0,positive
joli ensemble,4.0,positive
mntj rdyy',1.0,negative
mntj syy',1.0,negative
super montre fena,5.0,positive
confortable leger,4.0,positive
parfait,5.0,positive
magnifique,5.0,positive
satisfait,5.0,positive
jolies,3.0,positive
de bonne qualite merci jumia,5.0,positive
bas mall,5.0,positive
41 hya 39 lmohim la 3ala9a,1.0,negative
niceeeeeeeee,5.0,positive
coton souple,5.0,positive
produit mediocre,3.0,positive
ry'`,5.0,positive
montre zwina bzaaaaf top,5.0,positive
7ssen mn la photo,4.0,positive
jaime,5.0,positive
satisfaite,5.0,positive
xl sghira bzf machi nefs taille,5.0,positive
cheap logo,1.0,negative
,1.0,negative
pas mal,3.0,positive
confortable,5.0,positive
bonne prodruit,5.0,positive
vrai cuir,5.0,positive
hia rah tar9riban f7al li f sora ghir machi f7al li kont metwa9e3a,5.0,positive
top,5.0,positive
chaussure mezyan,5.0,positive
mzyn mryH,5.0,positive
`lq@ bSwr@,2.0,negative
jmyl jyd,5.0,positive
tatakae too nice,5.0,positive
lqualite chwya 3yana design zwin,3.0,positive
magnifique,5.0,positive
top top,5.0,positive
sabot 3jbni bzaaf ou 3jb lwalid ou mourih bzzzf,5.0,positive
comfort et original,5.0,positive
j adoore merci,5.0,positive
satisfaite,4.0,positive
khfifa et confortable,5.0,positive
satisfait,5.0,positive
supper,5.0,positive
mntjt sy',1.0,negative
jai pas aimer,1.0,negative
sandal 3adia mais khfifa fi rjal tres simple,5.0,positive
zwina bzaf et tissu skhon ot9il merci koton,5.0,positive
je recommande,5.0,positive
conforme,5.0,positive
top top top pantalon classe,5.0,positive
conforme,5.0,positive
parfait,4.0,positive
jaime,5.0,positive
zwenaa ms transparante daruryy 5as itlbes te7tha la qualite mabihash pas grand chose ms 9adya gharad,3.0,positive
merci jumia,4.0,positive
zwiiiiina,4.0,positive
wa3er bezaf,5.0,positive
c est nul ce n est pas du coton,1.0,negative
coupe et matiere,5.0,positive
coupe et matiere,5.0,positive
kit7ebeb chwiya ms skhon,5.0,positive
j aime,5.0,positive
joli decor,4.0,positive
super produit,5.0,positive
classique,5.0,positive
ghir kaytssbno makayb9awch zewinine,2.0,negative
pas mal,4.0,positive
kichbh ltswira o zwin bzaf kolchi parfait,5.0,positive
quality mabihach 810,4.0,positive
mzeeewnen o rkhas,5.0,positive
tres utile,5.0,positive
bonne qualite,5.0,positive
sabot medical confortable,4.0,positive
pas malca va,4.0,positive
jadore,5.0,positive
litwila ghadi ijiha 9sir,3.0,positive
a evite,1.0,negative
pas mal,4.0,positive
zwina mais la taille chwiya kbira,5.0,positive
bon meme prbl size,3.0,positive
kilchi zin,5.0,positive
khas tkon tsawar 7ta man dkhal,1.0,negative
pas mal,2.0,negative
mauvaise qualite,1.0,negative
top vest,5.0,positive
bien,5.0,positive
confort,4.0,positive
magnifique,5.0,positive
naaadya,5.0,positive
merci,5.0,positive
excellent produit,5.0,positive
rTb wmryH,5.0,positive
cute i guess,5.0,positive
effet plastique peu qualitatif,4.0,positive
3teto liha hia twedro,4.0,positive
jd ry'`,5.0,positive
nuuuuuuuuuuuuuuuul,1.0,negative
je recommande,5.0,positive
jaiiime,3.0,positive
conforme,5.0,positive
zwiiiiiiiiiin bzaf,5.0,positive
top,5.0,positive
c est parfait confortable,4.0,positive
Hbytw bzf,5.0,positive
top produit,5.0,positive
w3er bzaf,5.0,positive
parfait,4.0,positive
lbs,5.0,positive
b's,3.0,positive
satisfait,5.0,positive
joli chic,5.0,positive
la mm chose que image,4.0,positive
seftolia loun w7dakhor machi li kayn f tswira,1.0,negative
il nest pas authentique il sest vite oxyde,1.0,negative
jolie bracelet en cuivre,4.0,positive
bien,4.0,positive
3yaaan deforme,2.0,negative
confortable ma bihach,4.0,positive
bon tissu,4.0,positive
produit conforme,5.0,positive
zwyynyn,5.0,positive
bon tissu,3.0,positive
le collier est joli,3.0,positive
mthyr jd,5.0,positive
zwiiin,5.0,positive
jadore exelent,5.0,positive
moyenment bon,3.0,positive
fragile,3.0,positive
correct qualite prix,5.0,positive
mntj sy jd,1.0,negative
khoya rak nadi ti9a layjib tisir sal3a mliha mfiha hta 3ib,5.0,positive
pas mal,2.0,negative
top d top,5.0,positive
sabot 3jbe lwalid ou zwin fchkel dyalo,5.0,positive
topppp,5.0,positive
zwin bzaf,5.0,positive
,5.0,positive
confortable,5.0,positive
confortable,5.0,positive
la ceinture se plie il ne tient pas sa forme,2.0,negative
,5.0,positive
zwina bzf,5.0,positive
chkel dialo zwin mais toub dialo ma zwinch,3.0,positive
je recommande,5.0,positive
bravo,5.0,positive
bonne qualite de coton,5.0,positive
jyd jmyl,4.0,positive
excellent,5.0,positive
pratique,5.0,positive
super qualite,5.0,positive
recommended,5.0,positive
je recomande,5.0,positive
ry'`,5.0,positive
facile et efficace,5.0,positive
satisfait,5.0,positive
il est parfait,5.0,positive
bon choix,5.0,positive
il es efficace,4.0,positive
assez bon,3.0,positive
tooop,5.0,positive
original official walkin made china machi france ms original,5.0,positive
3 foi 1,5.0,positive
pas mal,3.0,positive
pas top,1.0,negative
la marque tatch top,5.0,positive
excellent produit,5.0,positive
tres pratique,5.0,positive
parfait,5.0,positive
l@ Gsyl jyd@ w`mly@ wshl@ lst`ml nSH lbHth `ml lSlH,4.0,positive
merci cest bon,5.0,positive
zwina bzaf,4.0,positive
jyd,5.0,positive
je le recommande,5.0,positive
je recommande,5.0,positive
pratique,5.0,positive
commande satisfaisante,5.0,positive
quality,5.0,positive
produit performant,5.0,positive
as description,5.0,positive
9adiya lgharad khfifa bzf kadr plastique,5.0,positive
fonctionne parfaitement,5.0,positive
parfait,1.0,negative
efficace usb et type c,4.0,positive
bon produit et tres facile a etuliser,4.0,positive
bonnnjjhf,5.0,positive
parfait,5.0,positive
merci jumia,5.0,positive
je recommande,5.0,positive
i love jumia app,5.0,positive
satisfaite,5.0,positive
magnifique,5.0,positive
bon qualite,5.0,positive
ordinaire,5.0,positive
je recommande,5.0,positive
good,4.0,positive
top top top,5.0,positive
bon rapport qp,4.0,positive
jrbh Hbbth,5.0,positive
lbs,3.0,positive
j aime,5.0,positive
pas mal,3.0,positive
je recommande,5.0,positive
pratique et performant,5.0,positive
khedam mzyan,4.0,positive
prenez vos mesures car il est large,5.0,positive
excelent produit,5.0,positive
ry'`@,5.0,positive
magnifique,5.0,positive
bon valeurprix ratio,5.0,positive
tres bon je recammande,5.0,positive
lbs,4.0,positive
bTyy' nw`,4.0,positive
zwina kathan mazyan,4.0,positive
top,5.0,positive
rai3a akhedit joj,5.0,positive
mqbwl,3.0,positive
lSwr@,5.0,positive
super pratique,5.0,positive
pratique,4.0,positive
zouina,5.0,positive
produit moyen,3.0,positive
tSlH,1.0,negative
top,5.0,positive
je recommande,5.0,positive
a c bien,4.0,positive
3aybo lwa7id huwa mat9drsh dir ay mika,5.0,positive
mntj mqld,1.0,negative
je le recommande,5.0,positive
il est bien jaime,4.0,positive
je recommande,5.0,positive
mzyan 3jebni,4.0,positive
klshy khdm nykl,5.0,positive
parfait,5.0,positive
mazyan,5.0,positive
zwin bzzzzzzf,5.0,positive
joli merci,5.0,positive
mntwj mmyz lHd,5.0,positive
the price,5.0,positive
zwin sara7a daghya kaysakhan lma walakin kayrbi lkalkir o hadi 7aja 3adiya,4.0,positive
fih sda3,1.0,negative
le bon prix et le service,5.0,positive
tres bon rapport qualiteprix,5.0,positive
geniaaaal,4.0,positive
il fonctionne bien,4.0,positive
mzyan kayskhan dghya hir khasni nchof wach makaytsdach m3a lwa9t sinon zwin,5.0,positive
mabihach qadya lgharad,4.0,positive
55,5.0,positive
top merci lexical,5.0,positive
1010,5.0,positive
je recommande,5.0,positive
jyd,5.0,positive
bon produit il fonctionne tres bien a je le recommande,5.0,positive
efficace,5.0,positive
super jaime,4.0,positive
satisfait,5.0,positive
mezyana ila 7aftti 3liha mais kaytsddaw liha les vis li bgha 7aja mli7a yakhoud inox,2.0,negative
toooop,5.0,positive
bon article,4.0,positive
ry'`,5.0,positive
toooop,5.0,positive
marche parfaitement,5.0,positive
excellent produit,5.0,positive
,3.0,positive
pratique,5.0,positive
produit conforme,5.0,positive
livraison ok,5.0,positive
je recommande,4.0,positive
je recommande,5.0,positive
zwin bzaaf,5.0,positive
j aime,5.0,positive
tres bonne qualite,5.0,positive
top,5.0,positive
meziane top,5.0,positive
jaime,4.0,positive
je le recommande,5.0,positive
bien,2.0,negative
ca va,5.0,positive
bon rapport qualite prix,4.0,positive
bon article,5.0,positive
mqbwl wjyd,3.0,positive
vraiment magnifique blender i like it,5.0,positive
convient,5.0,positive
bonne qualite,5.0,positive
j adore,5.0,positive
hyper lent,1.0,negative
super cuisson pas trop lent antiadhesif,5.0,positive
b's byh,3.0,positive
ma3jbatnixiii mara otqawlbt fiha sti3mal awal o thrqatli bohda soqa khawi,1.0,negative
mauvaise affaire ne fonctionne pas,1.0,negative
bon article,4.0,positive
perferct,4.0,positive
satisfait,5.0,positive
satisfaction totale,1.0,negative
,5.0,positive
excellente merci jumia,5.0,positive
mzian walakin sghira,4.0,positive
7alto khayb bzef,1.0,negative
qDy GrD lb's,4.0,positive
fait l affaire c est tout,4.0,positive
ras,5.0,positive
excellent produit,5.0,positive
trop fragile,1.0,negative
ktshwy dyl bSH,4.0,positive
conforme,5.0,positive
zwina 9adya gharad,5.0,positive
nice,5.0,positive
bcpas de calacaire aprs 2 utilisations,3.0,positive
efficace,5.0,positive
zwiina bzaaaaf sarah mo9arana b taman rah zwin,5.0,positive
trop satisfaite,4.0,positive
mzyn,5.0,positive
bonne qualite,5.0,positive
makina zwina ns7kom biha tbark lah 3likom,5.0,positive
la 3ala9a makayt7ench mzn kayb9aw trofa fl 3asir,1.0,negative
efficace,5.0,positive
rien a signaler,4.0,positive
solide et utile,5.0,positive
ghzala,5.0,positive
2 en 1 micro ondesfour,5.0,positive
qualite mediocre,3.0,positive
mediocre,1.0,negative
khdama mazyan,5.0,positive
ras top,5.0,positive
top top,5.0,positive
top,5.0,positive
produit nul,5.0,positive
pratiqueefficace,4.0,positive
wa3ra,5.0,positive
makina kador kamla makhdamach o ana chariha o jumia galik maendi mandiro lik khsna ntlbo lik la garantie tkherbik hadchi,1.0,negative
efficasse et originale,4.0,positive
zwine bzaf,5.0,positive
wa3raaaa,5.0,positive
amazing,5.0,positive
parfaite livree sans pbm,5.0,positive
good,4.0,positive
mabihch,3.0,positive
pas mal,4.0,positive
excellent produit jaime bien,5.0,positive
mazyana,5.0,positive
khddaaaam mzian o kayskhn dghia wazn khfif mafihch bola mafihch ventilateur,5.0,positive
je kif,4.0,positive
parfait,5.0,positive
hiya mzyana walakin katskhon,1.0,negative
c est formidable,5.0,positive
la machine fait un peu de bruit,4.0,positive
top,4.0,positive
je recommande,5.0,positive
parfait bon plan,5.0,positive
kthez chi 2kg w ktze3ze3 mais supportable,3.0,positive
pas mal,3.0,positive
authentique 60 litres,5.0,positive
jaime,4.0,positive
ne fonctionne pas,1.0,negative
jwd@ mmtz@ tstHq lshr,5.0,positive
mkhayraa,5.0,positive
la machine,5.0,positive
best buy ever,5.0,positive
kathan mezian mais l kas kaytcha9 derya,3.0,positive
super qualite,5.0,positive
efficace blender blender efficace,5.0,positive
rapport qualiteprix bieen,4.0,positive
kadi lrarad,5.0,positive
perfect,5.0,positive
magnifique,5.0,positive
pas mal,5.0,positive
mmkn,3.0,positive
sarah 5dam mz1 omjhd kaydir ra4wa bzrba 4i howa 5asso 7jrat mjhdin chwiya,4.0,positive
sada men dakhel rapidement,1.0,negative
dommage sdatli mn ldakhel ws3ib ythyad wakha 9olt qualite 1ere mohal tsadi,3.0,positive
original efficace fiable,5.0,positive
bs,3.0,positive
hadi liwslatni mafihach dik black blast buttons ms 3adi mzayana bsa7 fiha 2 motors hsn mn dyal venezia,4.0,positive
zwin bzfff,5.0,positive
ras bon,4.0,positive
puissant,5.0,positive
je recommande,5.0,positive
mousseur a lait original nespressomerci,5.0,positive
cest nespresso original,5.0,positive
cest bon,4.0,positive
`yb,5.0,positive
khdm mzyn,5.0,positive
bonne qualite,5.0,positive
parfait,5.0,positive
top de top,5.0,positive
jd `dy,3.0,positive
top top top,5.0,positive
n9n decu,4.0,positive
sifllement,5.0,positive
bien et practice,5.0,positive
sara7a nadia,5.0,positive
satisfait,4.0,positive
elle est top,5.0,positive
t9ila bezaf mais kadir khdemtha,1.0,negative
vraiment wslatni moskha men lghla9a dyalha o livreure makit3amelch mzn,2.0,negative
marche tres bien,5.0,positive
pratique et abordable,5.0,positive
mmtz,5.0,positive
zwin sauf makayench lkass dyalo,4.0,positive
merci jumia,4.0,positive
dGy tHrq,1.0,negative
`lq@,1.0,negative
hadok les bouton dialha kidiro felid 9ass7in mais hiya kat7an mzn w sawt dialha kissada3,3.0,positive
comme decrit,5.0,positive
j aime,5.0,positive
et efficace,5.0,positive
Hsn lshy,5.0,positive
produit parfait,4.0,positive
poigner et casser,5.0,positive
zwin,5.0,positive
satisfaite,3.0,positive
bn article,4.0,positive
four wa3er,5.0,positive
cest bon,5.0,positive
top jaime,5.0,positive
je recommande,5.0,positive
pas mal,3.0,positive
batteur top,5.0,positive
zwyn bzf,5.0,positive
bonne machine,5.0,positive
il est bien,4.0,positive
paratique,4.0,positive
bien bien,4.0,positive
il fonctionne bien,4.0,positive
mtwsT,3.0,positive
ry'` ynSH,4.0,positive
ne marche pas,1.0,negative
ry'` jd,5.0,positive
ma maman a adore,5.0,positive
ghzala bzaaaf o pratique,5.0,positive
nSH,5.0,positive
zwina we kbira machi s5ira,5.0,positive
n 1,5.0,positive
lshkl wlnw` wlkyfy@ lHDry@,5.0,positive
super,5.0,positive
un bon article,4.0,positive
mziwen wli 3jbni ktar fih filter bch dak kalkir mkyhwdchi m3a lma odghya kidakhan hta plastique dyalo momtaz omky3mlchi riha,5.0,positive
zwin bzaf,5.0,positive
sy jd,2.0,negative
merci jumia,5.0,positive
jaime cet article,4.0,positive
tres satisfaite,5.0,positive
le gout de popcorn,5.0,positive
SGyr@ jd,2.0,negative
bien merci s,5.0,positive
jaime,4.0,positive
bon produit merci jumia,4.0,positive
jaime beaucoup poele crepier,5.0,positive
nSH,5.0,positive
partique o zwina,5.0,positive
japprecie le produit,3.0,positive
correcte,4.0,positive
bien,3.0,positive
khdm mzyn,5.0,positive
makhdamch mzyan,1.0,negative
un robot parfait,5.0,positive
il est bien,4.0,positive
cest bon,4.0,positive
zwin kaytrreb mzyan,4.0,positive
parfait,5.0,positive
conforme a la description,5.0,positive
khdm mzyn,1.0,negative
mauvaise produit,2.0,negative
khdm mzyn khdm mzyn,5.0,positive
,1.0,negative
ca ne marche plus,1.0,negative
c magnifique,5.0,positive
bon produit,4.0,positive
mntj `mly,4.0,positive
sy' jd,1.0,negative
bien,3.0,positive
merci 1010,5.0,positive
parfait,4.0,positive
maaandouch bach ytaalak,2.0,negative
efficace,4.0,positive
je recommande,5.0,positive
fonctionne,4.0,positive
pratique,5.0,positive
il est top,5.0,positive
hya zwina kadir sout mani katkoun khdama sahl tgasliha w kanst3mlha l 3assir d lkhadra,5.0,positive
top de top,5.0,positive
mzn khdam mzn,5.0,positive
trop fragile,1.0,negative
satisfaite,4.0,positive
taykherej skhouniya 3la berra bzffffff ma3jbnish,1.0,negative
mercii,4.0,positive
marche tres hbien,5.0,positive
,5.0,positive
bein qualite,4.0,positive
je recommande,5.0,positive
nickel,5.0,positive
lkhdm@,5.0,positive
y`ml,1.0,negative
utile,5.0,positive
merci i,5.0,positive
pas mal,4.0,positive
cest incroyable,5.0,positive
tres bon service,5.0,positive
mezyana,5.0,positive
bayna zwina,5.0,positive
super zawina bzaf,5.0,positive
jyd jd,3.0,positive
nqS bzf,2.0,negative
pratique,4.0,positive
jaime,5.0,positive
top du top,5.0,positive
super produit,5.0,positive
tadir sawt ta9ta9a machi s7i7a,1.0,negative
tres efficace,5.0,positive
ma katchedch charge,1.0,negative
pas mal,3.0,positive
parfait,5.0,positive
excellent appareil,5.0,positive
SlH jd,5.0,positive
produit authentique super,5.0,positive
bruyant mais efficace,5.0,positive
zwina bezaff,5.0,positive
merci jumia,5.0,positive
,5.0,positive
bonne etat tel que prescrit,5.0,positive
satisfait,4.0,positive
mnt jydh 'shkr ljmy` nSH,5.0,positive
fiha bouton mkhdmach mais en general mzyana,3.0,positive
nulllllll,1.0,negative
nullllllll,1.0,negative
pratique et cool,5.0,positive
shy,5.0,positive
c bon rapport qualite priix mrc,3.0,positive
c est bon,4.0,positive
je recommande,5.0,positive
